frame,time_s,lateral_offset_norm,heading_error_deg,speed_mps,steering,throttle,brake,drive_mode,raw_heading_deg,raw_lateral_px,kalman_active,width_corrected_rows
0,37.947,-0.0016,-0.01,0.0,0.0,0.0,0.0,MANUAL,0.0,-0.5,False,1
1,38.107,-0.0016,0.03,0.0,0.0,0.0,0.0,MANUAL,0.0,-0.5,False,1
2,38.279,-0.0016,0.02,0.0,0.0,0.0,0.0,MANUAL,0.0,-0.5,False,1
3,38.437,-0.0016,0.02,0.0,0.0,0.0,0.0,MANUAL,0.0,-0.5,False,1
4,38.572,-0.0016,0.01,0.0,0.0,0.0,0.0,MANUAL,0.0,-0.5,False,1
5,38.728,-0.0016,0.01,0.0,0.0,0.0,0.0,MANUAL,0.0,-0.5,False,1
6,38.86,-0.0016,0.01,0.0,0.0,0.0,0.0,MANUAL,0.0,-0.5,False,1
7,38.999,-0.0016,0.01,0.0,0.0,0.0,0.0,MANUAL,0.0,-0.5,False,1
8,39.147,-0.0016,0.0,0.0,0.0,0.0,0.0,MANUAL,0.0,-0.5,False,1
9,39.28,-0.0016,0.0,0.0,0.0,0.0,0.0,MANUAL,0.0,-0.5,False,1
10,39.418,-0.0016,0.0,0.0,0.0,0.0,0.0,MANUAL,0.0,-0.5,False,1
11,39.571,-0.0016,0.0,0.0,0.0,0.0,0.0,MANUAL,0.0,-0.5,False,1
12,39.721,-0.0016,-0.0,0.0,0.0,0.0,0.0,MANUAL,0.0,-0.5,False,1
13,39.845,-0.0016,-0.0,0.0,0.0,0.0,0.0,MANUAL,0.0,-0.5,False,1
14,39.997,-0.0016,-0.0,0.0,0.0,0.0,0.0,MANUAL,0.0,-0.5,False,1
15,40.151,-0.0016,-0.0,0.0,0.0,0.0,0.0,MANUAL,0.0,-0.5,False,1
16,40.298,-0.0016,-0.0,0.0,0.0,0.0,0.0,MANUAL,0.0,-0.5,False,1
17,40.456,-0.0016,-0.0,0.0,0.0,0.0,0.0,MANUAL,0.0,-0.5,False,1
18,40.62,-0.0016,-0.0,0.0,0.0,0.0,0.0,MANUAL,0.0,-0.5,False,1
19,40.795,-0.0016,-0.0,0.0,0.0,0.0,0.0,MANUAL,0.0,-0.5,False,1
20,40.952,-0.0016,0.0,0.0,0.0,0.0,0.0,MANUAL,0.0,-0.5,False,1
21,41.125,-0.0016,0.0,0.0,0.0,0.0,0.0,MANUAL,0.0,-0.5,False,1
22,41.284,-0.0016,0.0,0.0,0.0,0.0,0.0,MANUAL,0.0,-0.5,False,1
23,41.434,-0.0016,0.0,0.0,0.0,0.0,0.0,MANUAL,0.0,-0.5,False,1
24,41.576,-0.0016,0.0,0.0,0.0,0.0,0.0,MANUAL,0.0,-0.5,False,1
25,41.733,-0.0016,0.0,0.0,0.0,0.0,0.0,MANUAL,0.0,-0.5,False,1
26,41.89,-0.0016,0.0,0.0,0.0,0.0,0.0,MANUAL,0.0,-0.5,False,1
27,42.03,-0.0016,0.0,0.0,0.0,0.0,0.0,MANUAL,0.0,-0.5,False,1
28,42.201,-0.0016,-0.0,0.0,0.0,0.0,0.0,MANUAL,0.0,-0.5,False,1
29,42.334,-0.0016,-0.0,0.0,0.0,0.0,0.0,MANUAL,0.0,-0.5,False,1
30,42.474,-0.0016,-0.0,0.0,0.0,0.0,0.0,MANUAL,0.0,-0.5,False,1
31,42.648,-0.0016,-0.0,0.0,0.0,0.0,0.0,MANUAL,0.0,-0.5,False,1
32,42.786,-0.0016,-0.0,0.0,0.0,0.0,0.0,MANUAL,0.0,-0.5,False,1
33,42.928,-0.0016,-0.0,0.0,0.0,0.0,0.0,MANUAL,0.0,-0.5,False,1
34,43.059,-0.0016,-0.0,0.0,0.0,0.0,0.0,MANUAL,0.0,-0.5,False,1
35,43.219,-0.0016,-0.0,0.0,0.0,0.0,0.0,MANUAL,0.0,-0.5,False,1
36,43.345,-0.0016,0.0,0.0,0.0,0.0,0.0,MANUAL,0.0,-0.5,False,1
37,43.487,-0.0016,0.0,0.0,0.0,0.0,0.0,MANUAL,0.0,-0.5,False,1
38,43.632,-0.0016,0.0,0.0,0.0,0.0,0.0,MANUAL,0.0,-0.5,False,1
39,43.762,-0.0016,0.0,0.0,0.0,0.0,0.0,MANUAL,0.0,-0.5,False,1
40,43.904,-0.0016,0.0,0.0,0.0,0.0,0.0,MANUAL,0.0,-0.5,False,1
41,44.058,-0.0016,0.0,0.0,0.0,0.0,0.0,MANUAL,0.0,-0.5,False,1
42,44.211,-0.0016,0.0,0.0,0.0,0.0,0.0,MANUAL,0.0,-0.5,False,1
43,44.39,-0.0016,0.0,0.0,0.0,0.0,0.0,MANUAL,0.0,-0.5,False,1
44,44.537,-0.0016,-0.0,0.0,0.0,0.0,0.0,MANUAL,0.0,-0.5,False,1
45,44.673,-0.0016,-0.0,0.0,0.0,0.0,0.0,MANUAL,0.0,-0.5,False,1
46,44.812,-0.0016,-0.0,0.0,0.0,0.0,0.0,MANUAL,0.0,-0.5,False,1
47,44.975,-0.0016,-0.0,0.0,0.0,0.0,0.0,MANUAL,0.0,-0.5,False,1
48,45.115,-0.0016,-0.0,0.0,0.0,0.0,0.0,MANUAL,0.0,-0.5,False,1
49,45.252,-0.0016,-0.0,0.0,0.0,0.0,0.0,MANUAL,0.0,-0.5,False,1
50,45.385,-0.0016,-0.0,0.0,0.0,0.0,0.0,MANUAL,0.0,-0.5,False,1
51,45.529,-0.0016,-0.0,0.0,0.0,0.0,0.0,MANUAL,0.0,-0.5,False,1
52,45.65,-0.0016,0.0,0.0,0.0,0.0,0.0,MANUAL,0.0,-0.5,False,1
53,45.804,-0.0016,0.0,0.0,0.0,0.0,0.0,MANUAL,0.0,-0.5,False,1
54,45.96,-0.0016,0.0,0.0,0.0,0.0,0.0,MANUAL,0.0,-0.5,False,1
55,46.123,-0.0016,0.0,0.0,0.0,0.0,0.0,MANUAL,0.0,-0.5,False,1
56,46.277,-0.0016,0.0,0.0,0.0,0.0,0.0,MANUAL,0.0,-0.5,False,1
57,46.44,-0.0016,0.0,0.0,0.0,0.0,0.0,MANUAL,0.0,-0.5,False,1
58,46.591,-0.0016,0.0,0.0,0.0,0.0,0.0,MANUAL,0.0,-0.5,False,1
59,46.746,-0.0016,0.0,0.0,0.0,0.0,0.0,MANUAL,0.0,-0.5,False,1
60,46.895,-0.0016,-0.0,0.0,0.0,0.0,0.0,MANUAL,0.0,-0.5,False,1
61,47.06,-0.0016,-0.0,0.0,0.0,0.0,0.0,MANUAL,0.0,-0.5,False,1
62,47.212,-0.0016,-0.0,0.0,0.0,0.0,0.0,MANUAL,0.0,-0.5,False,1
63,47.356,-0.0016,-0.0,0.0,0.0,0.0,0.0,MANUAL,0.0,-0.5,False,1
64,47.513,-0.0016,-0.0,0.001,0.0,0.0,0.0,MANUAL,0.0,-0.5,False,1
65,47.665,-0.0016,-0.0,0.0,0.0,0.0,0.0,MANUAL,0.0,-0.5,False,1
66,47.829,-0.0016,-0.0,0.0,0.0,0.0,0.0,MANUAL,0.0,-0.5,False,1
67,48.0,-0.0016,-0.0,0.0,0.0,0.0,0.0,MANUAL,0.0,-0.5,False,1
68,48.151,-0.0016,0.0,0.0,0.0,0.0,0.0,MANUAL,0.0,-0.5,False,1
69,48.301,-0.0016,0.0,0.0,0.0,0.0,0.0,MANUAL,0.0,-0.5,False,1
70,48.441,-0.0016,0.0,0.0,0.0,0.0,0.0,MANUAL,0.0,-0.5,False,1
71,48.595,-0.0016,0.0,0.0,0.0,0.0,0.0,MANUAL,0.0,-0.5,False,1
72,48.734,-0.0016,0.0,0.0,0.0,0.0,0.0,MANUAL,0.0,-0.5,False,1
73,48.847,-0.0016,0.0,0.0,0.0,0.0,0.0,MANUAL,0.0,-0.5,False,1
74,49.007,-0.0016,0.0,0.0,0.0,0.0,0.0,MANUAL,0.0,-0.5,False,1
75,49.182,-0.0016,0.0,0.0,0.0,0.0,0.0,MANUAL,0.0,-0.5,False,1
76,49.334,-0.0016,-0.0,0.0,0.0,0.0,0.0,MANUAL,0.0,-0.5,False,1
77,49.486,-0.0016,-0.0,0.0,0.0,0.0,0.0,MANUAL,0.0,-0.5,False,1
78,49.677,-0.0016,-0.0,0.0,0.0,0.0,0.0,MANUAL,0.0,-0.5,False,1
79,49.867,-0.0016,-0.0,0.0,0.0,0.0,0.0,MANUAL,0.0,-0.5,False,1
80,50.028,-0.0016,-0.0,0.0,0.0,0.0,0.0,MANUAL,0.0,-0.5,False,1
81,50.178,-0.0016,-0.0,0.0,0.0,0.0,0.0,MANUAL,0.0,-0.5,False,1
82,50.332,-0.0016,-0.0,0.0,0.0,0.0,0.0,MANUAL,0.0,-0.5,False,1
83,50.484,-0.0016,-0.0,0.0,0.0,0.0,0.0,MANUAL,0.0,-0.5,False,1
84,50.623,-0.0016,0.0,0.0,0.0,0.0,0.0,MANUAL,0.0,-0.5,False,1
85,50.784,-0.0016,0.0,0.0,0.0,0.0,0.0,MANUAL,0.0,-0.5,False,1
86,50.939,-0.0016,0.0,0.0,0.0,0.0,0.0,MANUAL,0.0,-0.5,False,1
87,51.059,-0.0016,0.0,0.0,0.0,0.0,0.0,MANUAL,0.0,-0.5,False,1
88,51.184,-0.0016,0.0,0.0,0.0,0.0,0.0,MANUAL,0.0,-0.5,False,1
89,51.337,-0.0016,0.0,0.0,0.0,0.0,0.0,MANUAL,0.0,-0.5,False,1
90,51.493,-0.0016,0.0,0.0,0.0,0.0,0.0,MANUAL,0.0,-0.5,False,1
91,51.632,-0.0016,0.0,0.0,0.0,0.0,0.0,MANUAL,0.0,-0.5,False,1
92,51.778,-0.0016,-0.0,0.0,0.0,0.0,0.0,MANUAL,0.0,-0.5,False,1
93,51.937,-0.0016,-0.0,0.0,0.0,0.0,0.0,MANUAL,0.0,-0.5,False,1
94,52.084,-0.0016,-0.0,0.0,0.0,0.0,0.0,MANUAL,0.0,-0.5,False,1
95,52.25,-0.0016,-0.0,0.0,0.0,0.0,0.0,MANUAL,0.0,-0.5,False,1
96,52.413,-0.0016,-0.0,0.0,0.0,0.0,0.0,MANUAL,0.0,-0.5,False,1
97,52.569,-0.0016,-0.0,0.0,0.0,0.0,0.0,MANUAL,0.0,-0.5,False,1
98,52.708,-0.0016,-0.0,0.0,0.0,0.0,0.0,MANUAL,0.0,-0.5,False,1
99,52.859,-0.0016,0.0,0.0,0.0,0.0,0.0,MANUAL,0.0,-0.5,False,1
100,53.009,-0.0016,0.0,0.0,0.0,0.0,0.0,MANUAL,0.0,-0.5,False,1
101,53.151,-0.0016,0.0,0.0,0.0,0.0,0.0,MANUAL,0.0,-0.5,False,1
102,53.322,-0.0016,0.0,0.0,0.0,0.0,0.0,MANUAL,0.0,-0.5,False,1
103,53.528,-0.0016,0.0,0.0,0.0,0.0,0.0,MANUAL,0.0,-0.5,False,1
104,53.747,-0.0016,0.0,0.0,0.0,0.0,0.0,MANUAL,0.0,-0.5,False,1
105,53.927,-0.0016,0.0,0.0,0.0,0.0,0.0,MANUAL,0.0,-0.5,False,1
106,54.125,-0.0016,0.0,0.0,0.0,0.0,0.0,MANUAL,0.0,-0.5,False,1
107,54.308,-0.0016,0.0,0.0,0.0,0.0,0.0,MANUAL,0.0,-0.5,False,1
108,54.525,-0.0016,0.0,0.0,0.0,0.0,0.0,MANUAL,0.0,-0.5,False,1
109,54.752,-0.0016,0.0,0.0,0.0,0.0,0.0,MANUAL,0.0,-0.5,False,1
110,54.923,-0.0016,0.0,0.0,0.0,0.0,0.0,MANUAL,0.0,-0.5,False,1
111,55.09,-0.0016,0.0,0.0,0.0,0.0,0.0,MANUAL,0.0,-0.5,False,1
112,55.267,-0.0016,0.0,0.001,0.0,0.0,0.0,MANUAL,0.0,-0.5,False,1
113,55.436,-0.0016,0.0,0.0,0.0,0.0,0.0,MANUAL,0.0,-0.5,False,1
114,55.551,-0.0016,0.0,0.0,0.0,0.0,0.0,MANUAL,0.0,-0.5,False,1
115,55.697,-0.0016,0.0,0.0,0.0,0.0,0.0,MANUAL,0.0,-0.5,False,1
116,55.86,-0.0016,0.0,0.0,0.0,0.0,0.0,MANUAL,0.0,-0.5,False,1
117,56.019,-0.0016,0.0,0.0,0.0,0.0,0.0,MANUAL,0.0,-0.5,False,1
118,56.167,-0.0016,0.0,0.0,0.0,0.0,0.0,MANUAL,0.0,-0.5,False,1
119,56.329,-0.0016,0.0,0.0,0.0,0.0,0.0,MANUAL,0.0,-0.5,False,1
120,56.481,-0.0016,0.0,0.0,0.0,0.0,0.0,MANUAL,0.0,-0.5,False,1
121,56.658,-0.0016,0.0,0.0,0.0,0.0,0.0,MANUAL,0.0,-0.5,False,1
122,56.842,-0.0016,0.0,0.0,0.0,0.0,0.0,MANUAL,0.0,-0.5,False,1
123,57.018,-0.0016,0.0,0.0,0.0,0.0,0.0,MANUAL,0.0,-0.5,False,1
124,57.208,-0.0016,0.0,0.0,0.0,0.0,0.0,MANUAL,0.0,-0.5,False,1
125,57.375,-0.0016,0.0,0.0,0.0,0.0,0.0,MANUAL,0.0,-0.5,False,1
126,57.536,-0.0016,0.0,0.0,0.0,0.0,0.0,MANUAL,0.0,-0.5,False,1
127,57.69,-0.0016,0.0,0.0,0.0,0.0,0.0,MANUAL,0.0,-0.5,False,1
128,57.871,-0.0016,0.0,0.0,0.0,0.0,0.0,MANUAL,0.0,-0.5,False,1
129,58.054,-0.0016,0.0,0.0,0.0,0.0,0.0,MANUAL,0.0,-0.5,False,1
130,58.275,-0.0016,0.0,0.0,0.0,0.0,0.0,MANUAL,0.0,-0.5,False,1
131,58.543,-0.0016,0.0,0.0,0.0,0.0,0.0,MANUAL,0.0,-0.5,False,1
132,58.74,-0.0016,0.0,0.0,0.0,0.0,0.0,MANUAL,0.0,-0.5,False,1
133,58.96,-0.0016,0.0,0.0,0.0,0.0,0.0,MANUAL,0.0,-0.5,False,1
134,59.147,-0.0016,0.0,0.0,0.0,0.0,0.0,MANUAL,0.0,-0.5,False,1
135,59.323,-0.0016,0.0,0.0,0.0,0.0,0.0,MANUAL,0.0,-0.5,False,1
136,59.507,-0.0016,0.0,0.0,0.0,0.0,0.0,MANUAL,0.0,-0.5,False,1
137,59.654,-0.0016,0.0,0.0,0.0,0.0,0.0,MANUAL,0.0,-0.5,False,1
138,59.808,-0.0016,0.0,0.001,0.0,0.0,0.0,MANUAL,0.0,-0.5,False,1
139,59.958,-0.0016,0.0,0.0,0.0,0.0,0.0,MANUAL,0.0,-0.5,False,1
140,60.129,-0.0016,0.0,0.0,0.0,0.0,0.0,MANUAL,0.0,-0.5,False,1
141,60.307,-0.0016,0.0,0.0,0.0,0.0,0.0,MANUAL,0.0,-0.5,False,1
142,60.495,-0.0016,0.0,0.0,0.0,0.0,0.0,MANUAL,0.0,-0.5,False,1
143,60.682,-0.0016,0.0,0.0,0.0,0.0,0.0,MANUAL,0.0,-0.5,False,1
144,60.903,-0.0016,0.0,0.0,0.0,0.0,0.0,MANUAL,0.0,-0.5,False,1
145,61.09,-0.0016,0.0,0.0,0.0,0.0,0.0,MANUAL,0.0,-0.5,False,1
146,61.292,-0.0016,0.0,0.0,0.0,0.0,0.0,MANUAL,0.0,-0.5,False,1
147,61.536,-0.0016,0.0,0.001,0.0,0.0,0.0,MANUAL,0.0,-0.5,False,1
148,61.738,-0.0016,0.0,0.0,0.0,0.0,0.0,MANUAL,0.0,-0.5,False,1
149,61.946,-0.0016,0.0,0.0,0.0,0.0,0.0,MANUAL,0.0,-0.5,False,1
150,62.147,-0.0016,0.0,0.0,0.0,0.0,0.0,MANUAL,0.0,-0.5,False,1
151,62.339,-0.0016,0.0,0.0,0.0,0.0,0.0,MANUAL,0.0,-0.5,False,1
152,62.499,-0.0016,0.0,0.0,0.0,0.0,0.0,MANUAL,0.0,-0.5,False,1
153,62.674,-0.0016,0.0,0.0,0.0,0.0,0.0,MANUAL,0.0,-0.5,False,1
154,62.841,-0.0016,0.0,0.0,0.0,0.0,0.0,MANUAL,0.0,-0.5,False,1
155,63.013,-0.0016,0.0,0.0,0.0,0.0,0.0,MANUAL,0.0,-0.5,False,1
156,63.211,-0.0016,0.0,0.0,0.0,0.0,0.0,MANUAL,0.0,-0.5,False,1
157,63.4,-0.0016,0.0,0.0,0.0,0.0,0.0,MANUAL,0.0,-0.5,False,1
158,63.631,-0.0016,0.0,0.0,0.0,0.0,0.0,MANUAL,0.0,-0.5,False,1
159,63.789,-0.0016,0.0,0.0,0.0,0.0,0.0,MANUAL,0.0,-0.5,False,1
160,63.946,-0.0016,0.0,0.0,0.0,0.0,0.0,MANUAL,0.0,-0.5,False,1
161,64.112,-0.0016,0.0,0.0,0.0,0.0,0.0,MANUAL,0.0,-0.5,False,1
162,64.334,-0.0016,0.0,0.001,0.0,0.0,0.0,MANUAL,0.0,-0.5,False,1
163,64.541,-0.0016,0.0,0.0,0.0,0.0,0.0,MANUAL,0.0,-0.5,False,1
164,64.751,-0.0016,0.0,0.001,0.0,0.0,0.0,MANUAL,0.0,-0.5,False,1
165,64.921,-0.0016,0.0,0.0,0.0,0.0,0.0,MANUAL,0.0,-0.5,False,1
166,65.123,-0.0016,0.0,0.0,0.0,0.0,0.0,MANUAL,0.0,-0.5,False,1
167,65.329,-0.0016,0.0,0.0,0.0,0.0,0.0,MANUAL,0.0,-0.5,False,1
168,65.525,-0.0016,0.0,0.0,0.0,0.0,0.0,MANUAL,0.0,-0.5,False,1
169,65.717,-0.0016,0.0,0.0,0.0,0.0,0.0,MANUAL,0.0,-0.5,False,1
170,65.905,-0.0016,0.0,0.0,0.0,0.0,0.0,MANUAL,0.0,-0.5,False,1
171,66.06,-0.0016,0.0,0.0,0.0,0.0,0.0,MANUAL,0.0,-0.5,False,1
172,66.27,-0.0016,0.0,0.0,0.0,0.0,0.0,MANUAL,0.0,-0.5,False,1
173,66.439,-0.0016,0.0,0.0,0.0,0.0,0.0,MANUAL,0.0,-0.5,False,1
174,66.604,-0.0016,0.0,0.0,0.0,0.0,0.0,MANUAL,0.0,-0.5,False,1
175,66.785,-0.0016,0.0,0.0,0.0,0.0,0.0,MANUAL,0.0,-0.5,False,1
176,66.97,-0.0016,0.0,0.0,0.0,0.0,0.0,MANUAL,0.0,-0.5,False,1
177,67.148,-0.0016,0.0,0.0,0.0,0.0,0.0,MANUAL,0.0,-0.5,False,1
178,67.356,-0.0016,0.0,0.0,0.0,0.0,0.0,MANUAL,0.0,-0.5,False,1
179,67.525,-0.0016,0.0,0.0,0.0,0.0,0.0,MANUAL,0.0,-0.5,False,1
180,67.72,-0.0016,0.0,0.0,0.0,0.0,0.0,MANUAL,0.0,-0.5,False,1
181,67.92,-0.0016,0.0,0.0,0.0,0.0,0.0,MANUAL,0.0,-0.5,False,1
182,68.092,-0.0016,0.0,0.0,0.0,0.0,0.0,MANUAL,0.0,-0.5,False,1
183,68.267,-0.0016,0.0,0.0,0.0,0.0,0.0,MANUAL,0.0,-0.5,False,1
184,68.453,-0.0016,0.0,0.0,0.0,0.0,0.0,MANUAL,0.0,-0.5,False,1
185,68.637,-0.0016,0.0,0.0,0.0,0.0,0.0,MANUAL,0.0,-0.5,False,1
186,68.798,-0.0016,0.0,0.0,0.0,0.0,0.0,MANUAL,0.0,-0.5,False,1
187,68.962,-0.0016,0.0,0.001,0.0,0.0,0.0,MANUAL,0.0,-0.5,False,1
188,69.113,-0.0016,0.0,0.0,0.0,0.0,0.0,MANUAL,0.0,-0.5,False,1
189,69.323,-0.0016,0.0,0.0,0.0,0.0,0.0,MANUAL,0.0,-0.5,False,1
190,69.587,-0.0016,0.0,0.0,0.0,0.0,0.0,MANUAL,0.0,-0.5,False,1
191,69.783,-0.0016,0.0,0.0,0.0,0.0,0.0,MANUAL,0.0,-0.5,False,1
192,69.983,-0.0016,0.0,0.0,0.0,0.0,0.0,MANUAL,0.0,-0.5,False,1
193,70.182,-0.0016,0.0,0.0,0.0,0.0,0.0,MANUAL,0.0,-0.5,False,1
194,70.37,-0.0016,0.0,0.0,0.0,0.0,0.0,MANUAL,0.0,-0.5,False,1
195,70.547,-0.0016,0.0,0.0,0.0,0.0,0.0,MANUAL,0.0,-0.5,False,1
196,70.712,-0.0016,0.0,0.0,0.0,0.0,0.0,MANUAL,0.0,-0.5,False,1
197,70.888,-0.0016,0.0,0.0,0.0,0.0,0.0,MANUAL,0.0,-0.5,False,1
198,71.06,-0.0016,0.0,0.0,0.0,0.0,0.0,MANUAL,0.0,-0.5,False,1
199,71.257,-0.0016,0.0,0.0,0.0,0.0,0.0,MANUAL,0.0,-0.5,False,1
200,71.466,-0.0016,0.0,0.0,0.0,0.0,0.0,MANUAL,0.0,-0.5,False,1
201,71.666,-0.0016,0.0,0.0,0.0,0.0,0.0,MANUAL,0.0,-0.5,False,1
202,71.883,-0.0016,0.0,0.0,0.0,0.0,0.0,MANUAL,0.0,-0.5,False,1
203,72.085,-0.0016,0.0,0.0,0.0,0.0,0.0,MANUAL,0.0,-0.5,False,1
204,72.33,-0.0016,0.0,0.0,0.0,0.0,0.0,MANUAL,0.0,-0.5,False,1
205,72.591,-0.0016,0.0,0.0,0.0,0.0,0.0,MANUAL,0.0,-0.5,False,1
206,72.852,-0.0016,0.0,0.0,0.0,0.0,0.0,MANUAL,0.0,-0.5,False,1
207,73.061,-0.0016,0.0,0.0,0.0,0.0,0.0,MANUAL,0.0,-0.5,False,1
208,73.284,-0.0016,0.0,0.0,0.0,0.0,0.0,MANUAL,0.0,-0.5,False,1
209,73.478,-0.0016,0.0,0.0,0.0,0.0,0.0,MANUAL,0.0,-0.5,False,1
210,73.659,-0.0016,0.0,0.0,0.0,0.0,0.0,MANUAL,0.0,-0.5,False,1
211,73.851,-0.0016,0.0,0.0,0.0,0.0,0.0,MANUAL,0.0,-0.5,False,1
212,74.021,-0.0016,0.0,0.0,0.0,0.0,0.0,MANUAL,0.0,-0.5,False,1
213,74.185,-0.0016,0.0,0.0,0.0,0.0,0.0,MANUAL,0.0,-0.5,False,1
214,74.351,-0.0016,0.0,0.0,0.0,0.0,0.0,MANUAL,0.0,-0.5,False,1
215,74.497,-0.0016,0.0,0.0,0.0,0.0,0.0,MANUAL,0.0,-0.5,False,1
216,74.697,-0.0016,0.0,0.0,0.0,0.0,0.0,MANUAL,0.0,-0.5,False,1
217,74.92,-0.0016,0.0,0.0,0.0,0.0,0.0,MANUAL,0.0,-0.5,False,1
218,75.103,-0.0016,0.0,0.0,0.0,0.0,0.0,MANUAL,0.0,-0.5,False,1
219,75.282,-0.0016,0.0,0.0,0.0,0.0,0.0,MANUAL,0.0,-0.5,False,1
220,75.441,-0.0016,0.0,0.0,0.0,0.0,0.0,MANUAL,0.0,-0.5,False,1
221,75.633,-0.0016,0.0,0.0,0.0,0.0,0.0,MANUAL,0.0,-0.5,False,1
222,75.814,-0.0016,0.0,0.0,0.0,0.0,0.0,MANUAL,0.0,-0.5,False,1
223,75.985,-0.0016,0.0,0.0,0.0,0.0,0.0,MANUAL,0.0,-0.5,False,1
224,76.14,-0.0016,0.0,0.0,0.0,0.0,0.0,MANUAL,0.0,-0.5,False,1
225,76.326,-0.0016,0.0,0.0,0.0,0.0,0.0,MANUAL,0.0,-0.5,False,1
226,76.486,-0.0016,0.0,0.0,0.0,0.0,0.0,MANUAL,0.0,-0.5,False,1
227,76.654,-0.0016,0.0,0.0,0.0,0.0,0.0,MANUAL,0.0,-0.5,False,1
228,76.876,-0.0016,0.0,0.0,0.0,0.0,0.0,MANUAL,0.0,-0.5,False,1
229,77.06,-0.0016,0.0,0.0,0.0,0.0,0.0,MANUAL,0.0,-0.5,False,1
230,77.23,-0.0016,0.0,0.0,0.0,0.0,0.0,MANUAL,0.0,-0.5,False,1
231,77.433,-0.0016,0.0,0.0,0.0,0.0,0.0,MANUAL,0.0,-0.5,False,1
232,77.639,-0.0016,0.0,0.0,0.0,0.0,0.0,MANUAL,0.0,-0.5,False,1
233,77.83,-0.0016,0.0,0.0,0.0,0.0,0.0,MANUAL,0.0,-0.5,False,1
234,77.988,-0.0016,0.0,0.0,0.0,0.0,0.0,MANUAL,0.0,-0.5,False,1
235,78.136,-0.0016,0.0,0.0,0.0,0.0,0.0,MANUAL,0.0,-0.5,False,1
236,78.343,-0.0016,0.0,0.0,0.0,0.0,0.0,MANUAL,0.0,-0.5,False,1
237,78.579,-0.0016,0.0,0.0,0.0,0.0,0.0,MANUAL,0.0,-0.5,False,1
238,78.779,-0.0016,0.0,0.0,0.0,0.0,0.0,MANUAL,0.0,-0.5,False,1
239,78.988,-0.0016,0.0,0.0,0.0,0.0,0.0,MANUAL,0.0,-0.5,False,1
240,79.173,-0.0016,0.0,0.0,0.0,0.0,0.0,MANUAL,0.0,-0.5,False,1
241,79.331,-0.0016,0.0,0.0,0.0,0.0,0.0,MANUAL,0.0,-0.5,False,1
242,79.551,-0.0016,0.0,0.0,0.0,0.0,0.0,MANUAL,0.0,-0.5,False,1
243,79.756,-0.0016,0.0,0.001,0.0,0.0,0.0,MANUAL,0.0,-0.5,False,1
244,79.949,-0.0016,0.0,0.0,0.0,0.0,0.0,MANUAL,0.0,-0.5,False,1
245,80.15,-0.0016,0.0,0.0,0.0,0.0,0.0,MANUAL,0.0,-0.5,False,1
246,80.354,-0.0016,0.0,0.0,0.0,0.0,0.0,MANUAL,0.0,-0.5,False,1
247,80.589,-0.0016,0.0,0.0,0.0,0.0,0.0,MANUAL,0.0,-0.5,False,1
248,80.784,-0.0016,0.0,0.0,0.0,0.0,0.0,MANUAL,0.0,-0.5,False,1
249,80.968,-0.0016,0.0,0.0,0.0,0.0,0.0,MANUAL,0.0,-0.5,False,1
250,81.138,-0.0016,0.0,0.0,0.0,0.0,0.0,MANUAL,0.0,-0.5,False,1
251,81.334,-0.0016,0.0,0.0,0.0,0.0,0.0,MANUAL,0.0,-0.5,False,1
252,81.515,-0.0016,0.0,0.0,0.0,0.0,0.0,MANUAL,0.0,-0.5,False,1
253,81.705,-0.0016,0.0,0.0,0.0,0.0,0.0,MANUAL,0.0,-0.5,False,1
254,81.895,-0.0016,0.0,0.0,0.0,0.0,0.0,MANUAL,0.0,-0.5,False,1
255,82.067,-0.0016,0.0,0.0,0.0,0.0,0.0,MANUAL,0.0,-0.5,False,1
256,82.263,-0.0016,0.0,0.0,0.0,0.0,0.0,MANUAL,0.0,-0.5,False,1
257,82.463,-0.0016,0.0,0.0,0.0,0.0,0.0,MANUAL,0.0,-0.5,False,1
258,82.638,-0.0016,0.0,0.0,0.0,0.0,0.0,MANUAL,0.0,-0.5,False,1
259,82.814,-0.0016,0.0,0.0,0.0,0.0,0.0,MANUAL,0.0,-0.5,False,1
260,82.989,-0.0016,-0.0,0.0,0.0,0.0,0.0,MANUAL,0.0,-0.5,False,1
261,83.172,-0.0016,-0.0,0.0,0.0,0.0,0.0,MANUAL,0.0,-0.5,False,1
262,83.377,-0.0016,-0.0,0.0,0.0,0.0,0.0,MANUAL,0.0,-0.5,False,1
263,83.569,-0.0016,0.0,0.0,0.0,0.0,0.0,MANUAL,0.0,-0.5,False,1
264,83.741,-0.0016,0.0,0.0,0.0,0.0,0.0,MANUAL,0.0,-0.5,False,1
265,83.936,-0.0016,0.0,0.0,0.0,0.0,0.0,MANUAL,0.0,-0.5,False,1
266,84.099,-0.0016,0.0,0.001,0.0,0.0,0.0,MANUAL,0.0,-0.5,False,1
267,84.284,-0.0016,0.0,0.0,0.0,0.0,0.0,MANUAL,0.0,-0.5,False,1
268,84.461,-0.0016,0.0,0.0,0.0,0.0,0.0,MANUAL,0.0,-0.5,False,1
269,84.647,-0.0016,0.0,0.0,0.0,0.0,0.0,MANUAL,0.0,-0.5,False,1
270,84.81,-0.0016,0.0,0.0,0.0,0.0,0.0,MANUAL,0.0,-0.5,False,1
271,84.986,-0.0016,0.0,0.0,0.0,0.0,0.0,MANUAL,0.0,-0.5,False,1
272,85.196,-0.0016,0.0,0.0,0.0,0.0,0.0,MANUAL,0.0,-0.5,False,1
273,85.402,-0.0016,0.0,0.0,0.0,0.0,0.0,MANUAL,0.0,-0.5,False,1
274,85.613,-0.0016,0.0,0.0,0.0,0.0,0.0,MANUAL,0.0,-0.5,False,1
275,85.805,-0.0016,0.0,0.0,0.0,0.0,0.0,MANUAL,0.0,-0.5,False,1
276,86.008,-0.0016,0.0,0.0,0.0,0.0,0.0,MANUAL,0.0,-0.5,False,1
277,86.183,-0.0016,0.0,0.0,0.0,0.0,0.0,MANUAL,0.0,-0.5,False,1
278,86.388,-0.0016,0.0,0.0,0.0,0.0,0.0,MANUAL,0.0,-0.5,False,1
279,86.584,-0.0016,0.0,0.0,0.0,0.0,0.0,MANUAL,0.0,-0.5,False,1
280,86.777,-0.0016,0.0,0.0,0.0,0.0,0.0,MANUAL,0.0,-0.5,False,1
281,86.946,-0.0016,0.0,0.0,0.0,0.0,0.0,MANUAL,0.0,-0.5,False,1
282,87.101,-0.0016,0.0,0.0,0.0,0.0,0.0,MANUAL,0.0,-0.5,False,1
283,87.247,-0.0016,0.0,0.0,0.0,0.0,0.0,MANUAL,0.0,-0.5,False,1
284,87.376,-0.0016,0.0,0.0,0.0,0.0,0.0,MANUAL,0.0,-0.5,False,1
285,87.575,-0.0016,0.0,0.0,0.0,0.0,0.0,MANUAL,0.0,-0.5,False,1
286,87.762,-0.0016,0.0,0.0,0.0,0.0,0.0,MANUAL,0.0,-0.5,False,1
287,87.959,-0.0016,0.0,0.0,0.0,0.0,0.0,MANUAL,0.0,-0.5,False,1
288,88.141,-0.0016,0.0,0.0,0.0,0.0,0.0,MANUAL,0.0,-0.5,False,1
289,88.323,-0.0016,0.0,0.0,0.0,0.0,0.0,MANUAL,0.0,-0.5,False,1
290,88.511,-0.0016,0.0,0.0,0.0,0.0,0.0,MANUAL,0.0,-0.5,False,1
291,88.669,-0.0016,0.0,0.0,0.0,0.0,0.0,MANUAL,0.0,-0.5,False,1
292,88.836,-0.0016,0.0,0.0,0.0,0.0,0.0,MANUAL,0.0,-0.5,False,1
293,89.04,-0.0016,0.0,0.0,0.0,0.0,0.0,MANUAL,0.0,-0.5,False,1
294,89.281,-0.0016,0.0,0.0,0.0,0.0,0.0,MANUAL,0.0,-0.5,False,1
295,89.521,-0.0016,0.0,0.0,0.0,0.0,0.0,MANUAL,0.0,-0.5,False,1
296,89.795,-0.0016,0.0,0.0,0.0,0.0,0.0,MANUAL,0.0,-0.5,False,1
297,89.983,-0.0016,0.0,0.0,0.0,0.0,0.0,MANUAL,0.0,-0.5,False,1
298,90.196,-0.0016,0.0,0.0,0.0,0.0,0.0,MANUAL,0.0,-0.5,False,1
299,90.406,-0.0016,0.0,0.0,0.0,0.0,0.0,MANUAL,0.0,-0.5,False,1
300,90.643,-0.0016,0.0,0.0,0.0,0.0,0.0,MANUAL,0.0,-0.5,False,1
301,90.856,-0.0016,0.0,0.0,0.0,0.0,0.0,MANUAL,0.0,-0.5,False,1
302,91.049,-0.0016,0.0,0.0,0.0,0.0,0.0,MANUAL,0.0,-0.5,False,1
303,91.223,-0.0016,0.0,0.0,0.0,0.0,0.0,MANUAL,0.0,-0.5,False,1
304,91.43,-0.0016,0.0,0.0,0.0,0.0,0.0,MANUAL,0.0,-0.5,False,1
305,91.648,-0.0016,0.0,0.0,0.0,0.0,0.0,MANUAL,0.0,-0.5,False,1
306,91.859,-0.0016,0.0,0.0,0.0,0.0,0.0,MANUAL,0.0,-0.5,False,1
307,92.04,-0.0016,0.0,0.0,0.0,0.0,0.0,MANUAL,0.0,-0.5,False,1
308,92.233,-0.0016,0.0,0.0,0.0,0.0,0.0,MANUAL,0.0,-0.5,False,1
309,92.417,-0.0016,0.0,0.0,0.0,0.0,0.0,MANUAL,0.0,-0.5,False,1
310,92.609,-0.0016,0.0,0.0,0.0,0.0,0.0,MANUAL,0.0,-0.5,False,1
311,92.794,-0.0016,0.0,0.0,0.0,0.0,0.0,MANUAL,0.0,-0.5,False,1
312,92.948,-0.0016,0.0,0.0,0.0,0.0,0.0,MANUAL,0.0,-0.5,False,1
313,93.105,-0.0016,0.0,0.0,0.0,0.0,0.0,MANUAL,0.0,-0.5,False,1
314,93.258,-0.0016,0.0,0.0,0.0,0.0,0.0,MANUAL,0.0,-0.5,False,1
315,93.448,-0.0016,0.0,0.0,0.0,0.0,0.0,MANUAL,0.0,-0.5,False,1
316,93.627,-0.0016,0.0,0.0,0.0,0.0,0.0,MANUAL,0.0,-0.5,False,1
317,93.803,-0.0016,0.0,0.0,0.0,0.0,0.0,MANUAL,0.0,-0.5,False,1
318,93.98,-0.0016,0.0,0.0,0.0,0.0,0.0,MANUAL,0.0,-0.5,False,1
319,94.204,-0.0016,0.0,0.0,0.0,0.0,0.0,MANUAL,0.0,-0.5,False,1
320,94.422,-0.0016,0.0,0.0,0.0,0.0,0.0,MANUAL,0.0,-0.5,False,1
321,94.611,-0.0016,0.0,0.0,0.0,0.0,0.0,MANUAL,0.0,-0.5,False,1
322,94.822,-0.0016,0.0,0.0,0.0,0.0,0.0,MANUAL,0.0,-0.5,False,1
323,95.001,-0.0016,0.0,0.0,0.0,0.0,0.0,MANUAL,0.0,-0.5,False,1
324,95.202,-0.0016,0.0,0.0,0.0,0.0,0.0,MANUAL,0.0,-0.5,False,1
325,95.418,-0.0016,0.0,0.001,0.0,0.0,0.0,MANUAL,0.0,-0.5,False,1
326,95.649,-0.0016,0.0,0.0,0.0,0.0,0.0,MANUAL,0.0,-0.5,False,1
327,95.934,-0.0016,0.0,0.0,0.0,0.0,0.0,MANUAL,0.0,-0.5,False,1
328,96.178,-0.0016,0.0,0.0,0.0,0.0,0.0,MANUAL,0.0,-0.5,False,1
329,96.4,-0.0016,0.0,0.0,0.0,0.0,0.0,MANUAL,0.0,-0.5,False,1
330,96.619,-0.0016,0.0,0.0,0.0,0.0,0.0,MANUAL,0.0,-0.5,False,1
331,96.841,-0.0016,0.0,0.0,0.0,0.0,0.0,MANUAL,0.0,-0.5,False,1
332,97.06,-0.0016,0.0,0.0,0.0,0.0,0.0,MANUAL,0.0,-0.5,False,1
333,97.332,-0.0016,0.0,0.0,0.0,0.0,0.0,MANUAL,0.0,-0.5,False,1
334,97.587,-0.0016,0.0,0.0,0.0,0.0,0.0,MANUAL,0.0,-0.5,False,1
335,97.782,-0.0016,0.0,0.0,0.0,0.0,0.0,MANUAL,0.0,-0.5,False,1
336,97.97,-0.0016,0.0,0.0,0.0,0.0,0.0,MANUAL,0.0,-0.5,False,1
337,98.152,-0.0016,0.0,0.0,0.0,0.0,0.0,MANUAL,0.0,-0.5,False,1
338,98.386,-0.0016,0.0,0.0,0.0,0.0,0.0,MANUAL,0.0,-0.5,False,1
339,98.614,-0.0016,0.0,0.0,0.0,0.0,0.0,MANUAL,0.0,-0.5,False,1
340,98.851,-0.0016,0.0,0.0,0.0,0.0,0.0,MANUAL,0.0,-0.5,False,1
341,99.031,-0.0016,0.0,0.0,0.0,0.0,0.0,MANUAL,0.0,-0.5,False,1
342,99.204,-0.0016,0.0,0.0,0.0,0.0,0.0,MANUAL,0.0,-0.5,False,1
343,99.387,-0.0016,0.0,0.0,0.0,0.0,0.0,MANUAL,0.0,-0.5,False,1
344,99.582,-0.0016,0.0,0.0,0.0,0.0,0.0,MANUAL,0.0,-0.5,False,1
345,99.797,-0.0016,0.0,0.0,0.0,0.0,0.0,MANUAL,0.0,-0.5,False,1
346,100.022,-0.0016,0.0,0.0,0.0,0.0,0.0,MANUAL,0.0,-0.5,False,1
347,100.277,-0.0016,0.0,0.0,0.0,0.0,0.0,MANUAL,0.0,-0.5,False,1
348,100.511,-0.0016,0.0,0.0,0.0,0.0,0.0,MANUAL,0.0,-0.5,False,1
349,100.716,-0.0016,0.0,0.0,0.0,0.0,0.0,MANUAL,0.0,-0.5,False,1
350,100.971,-0.0016,0.0,0.0,0.0,0.0,0.0,MANUAL,0.0,-0.5,False,1
351,101.195,-0.0016,0.0,0.0,0.0,0.0,0.0,MANUAL,0.0,-0.5,False,1
352,101.458,-0.0016,0.0,0.0,0.0,0.0,0.0,MANUAL,0.0,-0.5,False,1
353,101.736,-0.0016,0.0,0.0,0.0,0.0,0.0,MANUAL,0.0,-0.5,False,1
354,101.987,-0.0016,0.0,0.0,0.0,0.0,0.0,MANUAL,0.0,-0.5,False,1
355,102.237,-0.0016,0.0,0.0,0.0,0.0,0.0,MANUAL,0.0,-0.5,False,1
356,102.513,-0.0016,0.0,0.0,0.0,0.0,0.0,MANUAL,0.0,-0.5,False,1
357,102.783,-0.0016,0.0,0.0,0.0,0.0,0.0,MANUAL,0.0,-0.5,False,1
358,103.024,-0.0016,0.0,0.0,0.0,0.0,0.0,MANUAL,0.0,-0.5,False,1
359,103.292,-0.0016,0.0,0.0,0.0,0.0,0.0,MANUAL,0.0,-0.5,False,1
360,103.584,-0.0016,0.0,0.0,0.0,0.0,0.0,MANUAL,0.0,-0.5,False,1
361,103.859,-0.0016,0.0,0.0,0.0,0.0,0.0,MANUAL,0.0,-0.5,False,1
362,104.078,-0.0016,0.0,0.0,0.0,0.0,0.0,MANUAL,0.0,-0.5,False,1
363,104.342,-0.0016,0.0,0.0,0.0,0.0,0.0,MANUAL,0.0,-0.5,False,1
364,104.566,-0.0016,0.0,0.0,0.0,0.0,0.0,MANUAL,0.0,-0.5,False,1
365,104.771,-0.0016,0.0,0.0,0.0,0.0,0.0,MANUAL,0.0,-0.5,False,1
366,104.968,-0.0016,0.0,0.0,0.0,0.0,0.0,MANUAL,0.0,-0.5,False,1
367,105.158,-0.0016,0.0,0.0,0.0,0.0,0.0,MANUAL,0.0,-0.5,False,1
368,105.38,-0.0016,0.0,0.0,0.0,0.0,0.0,MANUAL,0.0,-0.5,False,1
369,105.561,-0.0016,0.0,0.0,0.0,0.0,0.0,MANUAL,0.0,-0.5,False,1
370,105.803,-0.0016,0.0,0.0,0.0,0.0,0.0,MANUAL,0.0,-0.5,False,1
371,106.031,-0.0016,0.0,0.0,0.0,0.0,0.0,MANUAL,0.0,-0.5,False,1
372,106.23,-0.0016,0.0,0.0,0.0,0.0,0.0,MANUAL,0.0,-0.5,False,1
373,106.442,-0.0016,0.0,0.0,0.0,0.0,0.0,MANUAL,0.0,-0.5,False,1
374,106.699,-0.0016,0.0,0.0,0.0,0.0,0.0,MANUAL,0.0,-0.5,False,1
375,106.953,-0.0016,0.0,0.0,0.0,0.0,0.0,MANUAL,0.0,-0.5,False,1
376,107.172,-0.0016,0.0,0.0,0.0,0.0,0.0,MANUAL,0.0,-0.5,False,1
377,107.436,-0.0016,0.0,0.0,0.0,0.0,0.0,MANUAL,0.0,-0.5,False,1
378,107.681,-0.0016,0.0,0.0,0.0,0.0,0.0,MANUAL,0.0,-0.5,False,1
379,107.963,-0.0016,0.0,0.0,0.0,0.0,0.0,MANUAL,0.0,-0.5,False,1
380,108.165,-0.0016,0.0,0.0,0.0,0.0,0.0,MANUAL,0.0,-0.5,False,1
381,108.372,-0.0016,0.0,0.0,0.0,0.0,0.0,MANUAL,0.0,-0.5,False,1
382,108.578,-0.0016,0.0,0.0,0.0,0.0,0.0,MANUAL,0.0,-0.5,False,1
383,108.766,-0.0016,0.0,0.0,0.0,0.0,0.0,MANUAL,0.0,-0.5,False,1
384,108.979,-0.0016,0.0,0.0,0.0,0.0,0.0,MANUAL,0.0,-0.5,False,1
385,109.202,-0.0016,0.0,0.0,0.0,0.0,0.0,MANUAL,0.0,-0.5,False,1
386,109.45,-0.0016,0.0,0.0,0.0,0.0,0.0,MANUAL,0.0,-0.5,False,1
387,109.672,-0.0016,0.0,0.0,0.0,0.0,0.0,MANUAL,0.0,-0.5,False,1
388,109.877,-0.0016,0.0,0.0,0.0,0.0,0.0,MANUAL,0.0,-0.5,False,1
389,110.084,-0.0016,0.0,0.0,0.0,0.0,0.0,MANUAL,0.0,-0.5,False,1
390,110.291,-0.0016,0.0,0.0,0.0,0.0,0.0,MANUAL,0.0,-0.5,False,1
391,110.483,-0.0016,0.0,0.0,0.0,0.0,0.0,MANUAL,0.0,-0.5,False,1
392,110.691,-0.0016,0.0,0.0,0.0,0.0,0.0,MANUAL,0.0,-0.5,False,1
393,110.915,-0.0016,0.0,0.0,0.0,0.0,0.0,MANUAL,0.0,-0.5,False,1
394,111.117,-0.0016,0.0,0.0,0.0,0.0,0.0,MANUAL,0.0,-0.5,False,1
395,111.284,-0.0016,0.0,0.0,0.0,0.0,0.0,MANUAL,0.0,-0.5,False,1
396,111.498,-0.0016,0.0,0.001,0.0,0.0,0.0,MANUAL,0.0,-0.5,False,1
397,111.712,-0.0016,0.0,0.0,0.0,0.0,0.0,MANUAL,0.0,-0.5,False,1
398,111.921,-0.0016,0.0,0.0,0.0,0.0,0.0,MANUAL,0.0,-0.5,False,1
399,112.161,-0.0016,0.0,0.0,0.0,0.0,0.0,MANUAL,0.0,-0.5,False,1
400,112.423,-0.0016,0.0,0.0,0.0,0.0,0.0,MANUAL,0.0,-0.5,False,1
401,112.68,-0.0016,0.0,0.0,0.0,0.0,0.0,MANUAL,0.0,-0.5,False,1
402,112.921,-0.0016,0.0,0.0,0.0,0.0,0.0,MANUAL,0.0,-0.5,False,1
403,113.171,-0.0016,0.0,0.0,0.0,0.0,0.0,MANUAL,0.0,-0.5,False,1
404,113.412,-0.0016,0.0,0.0,0.0,0.0,0.0,MANUAL,0.0,-0.5,False,1
405,113.66,-0.0016,0.0,0.0,0.0,0.0,0.0,MANUAL,0.0,-0.5,False,1
406,113.848,-0.0016,0.0,0.0,0.0,0.0,0.0,MANUAL,0.0,-0.5,False,1
407,114.061,-0.0016,0.0,0.0,0.0,0.0,0.0,MANUAL,0.0,-0.5,False,1
408,114.321,-0.0016,0.0,0.0,0.0,0.0,0.0,MANUAL,0.0,-0.5,False,1
409,114.615,-0.0016,0.0,0.0,0.0,0.0,0.0,MANUAL,0.0,-0.5,False,1
410,114.901,-0.0016,0.0,0.0,0.0,0.0,0.0,MANUAL,0.0,-0.5,False,1
411,115.125,-0.0016,0.0,0.0,0.0,0.0,0.0,MANUAL,0.0,-0.5,False,1
412,115.409,-0.0016,0.0,0.0,0.0,0.0,0.0,MANUAL,0.0,-0.5,False,1
413,115.625,-0.0016,0.0,0.0,0.0,0.0,0.0,MANUAL,0.0,-0.5,False,1
414,115.875,-0.0016,0.0,0.001,0.0,0.0,0.0,MANUAL,0.0,-0.5,False,1
415,116.091,-0.0016,0.0,0.0,0.0,0.0,0.0,MANUAL,0.0,-0.5,False,1
416,116.353,-0.0016,0.0,0.0,0.0,0.0,0.0,MANUAL,0.0,-0.5,False,1
417,116.626,-0.0016,0.0,0.0,0.0,0.0,0.0,MANUAL,0.0,-0.5,False,1
418,116.862,-0.0016,0.0,0.0,0.0,0.0,0.0,MANUAL,0.0,-0.5,False,1
419,117.059,-0.0016,0.0,0.0,0.0,0.0,0.0,MANUAL,0.0,-0.5,False,1
420,117.213,-0.0016,0.0,0.0,0.0,0.0,0.0,MANUAL,0.0,-0.5,False,1
421,117.419,-0.0016,0.0,0.0,0.0,0.0,0.0,MANUAL,0.0,-0.5,False,1
422,117.597,-0.0016,0.0,0.0,0.0,0.0,0.0,MANUAL,0.0,-0.5,False,1
423,117.763,-0.0016,0.0,0.0,0.0,0.0,0.0,MANUAL,0.0,-0.5,False,1
424,117.939,-0.0016,0.0,0.0,0.0,0.0,0.0,MANUAL,0.0,-0.5,False,1
425,118.13,-0.0016,0.0,0.0,0.0,0.0,0.0,MANUAL,0.0,-0.5,False,1
426,118.309,-0.0016,0.0,0.0,0.0,0.0,0.0,MANUAL,0.0,-0.5,False,1
427,118.47,-0.0016,0.0,0.0,0.0,0.0,0.0,MANUAL,0.0,-0.5,False,1
428,118.637,-0.0016,0.0,0.0,0.0,0.0,0.0,MANUAL,0.0,-0.5,False,1
429,118.803,-0.0016,0.0,0.0,0.0,0.0,0.0,MANUAL,0.0,-0.5,False,1
430,118.969,-0.0016,0.0,0.0,0.0,0.0,0.0,MANUAL,0.0,-0.5,False,1
431,119.152,-0.0016,0.0,0.0,0.0,0.0,0.0,MANUAL,0.0,-0.5,False,1
432,119.318,-0.0016,0.0,0.0,0.0,0.0,0.0,MANUAL,0.0,-0.5,False,1
433,119.497,-0.0016,0.0,0.0,0.0,0.0,0.0,MANUAL,0.0,-0.5,False,1
434,119.684,-0.0016,0.0,0.0,0.0,0.0,0.0,MANUAL,0.0,-0.5,False,1
435,119.871,-0.0016,0.0,0.0,0.0,0.0,0.0,MANUAL,0.0,-0.5,False,1
436,120.046,-0.0016,0.0,0.0,0.0,0.0,0.0,MANUAL,0.0,-0.5,False,1
437,120.22,-0.0016,0.0,0.0,0.0,0.0,0.0,MANUAL,0.0,-0.5,False,1
438,120.405,-0.0016,0.0,0.0,0.0,0.0,0.0,MANUAL,0.0,-0.5,False,1
439,120.573,-0.0016,0.0,0.0,0.0,0.0,0.0,MANUAL,0.0,-0.5,False,1
440,120.753,-0.0016,0.0,0.0,0.0,0.0,0.0,MANUAL,0.0,-0.5,False,1
441,120.911,-0.0016,0.0,0.0,0.0,0.0,0.0,MANUAL,0.0,-0.5,False,1
442,121.096,-0.0016,0.0,0.0,0.0,0.0,0.0,MANUAL,0.0,-0.5,False,1
443,121.265,-0.0016,0.0,0.0,0.0,0.0,0.0,MANUAL,0.0,-0.5,False,1
444,121.432,-0.0016,0.0,0.0,0.0,0.0,0.0,MANUAL,0.0,-0.5,False,1
445,121.61,-0.0016,0.0,0.0,0.0,0.0,0.0,MANUAL,0.0,-0.5,False,1
446,121.808,-0.0016,0.0,0.0,0.0,0.0,0.0,MANUAL,0.0,-0.5,False,1
447,121.999,-0.0016,0.0,0.0,0.0,0.0,0.0,MANUAL,0.0,-0.5,False,1
448,122.2,-0.0016,0.0,0.0,0.0,0.0,0.0,MANUAL,0.0,-0.5,False,1
449,122.387,-0.0016,0.0,0.0,0.0,0.0,0.0,MANUAL,0.0,-0.5,False,1
450,122.584,-0.0016,0.0,0.0,0.0,0.0,0.0,MANUAL,0.0,-0.5,False,1
451,122.786,-0.0016,0.0,0.0,0.0,0.0,0.0,MANUAL,0.0,-0.5,False,1
452,123.02,-0.0016,0.0,0.0,0.0,0.0,0.0,MANUAL,0.0,-0.5,False,1
453,123.203,-0.0016,0.0,0.0,0.0,0.0,0.0,MANUAL,0.0,-0.5,False,1
454,123.351,-0.0016,0.0,0.0,0.0,0.0,0.0,MANUAL,0.0,-0.5,False,1
455,123.515,-0.0016,0.0,0.0,0.0,0.0,0.0,MANUAL,0.0,-0.5,False,1
456,123.672,-0.0016,0.0,0.0,0.0,0.0,0.0,MANUAL,0.0,-0.5,False,1
457,123.825,-0.0016,0.0,0.0,0.0,0.0,0.0,MANUAL,0.0,-0.5,False,1
458,124.024,-0.0016,0.0,0.0,0.0,0.0,0.0,MANUAL,0.0,-0.5,False,1
459,124.207,-0.0016,0.0,0.0,0.0,0.0,0.0,MANUAL,0.0,-0.5,False,1
460,124.376,-0.0016,0.0,0.0,0.0,0.0,0.0,MANUAL,0.0,-0.5,False,1
461,124.541,-0.0016,0.0,0.0,0.0,0.0,0.0,MANUAL,0.0,-0.5,False,1
462,124.713,-0.0016,0.0,0.0,0.0,0.0,0.0,MANUAL,0.0,-0.5,False,1
463,124.89,-0.0016,0.0,0.0,0.0,0.0,0.0,MANUAL,0.0,-0.5,False,1
464,125.063,-0.0016,0.0,0.001,0.0,0.0,0.0,MANUAL,0.0,-0.5,False,1
465,125.271,-0.0016,0.0,0.0,0.0,0.0,0.0,MANUAL,0.0,-0.5,False,1
466,125.462,-0.0016,0.0,0.0,0.0,0.0,0.0,MANUAL,0.0,-0.5,False,1
467,125.641,-0.0016,0.0,0.0,0.0,0.0,0.0,MANUAL,0.0,-0.5,False,1
468,125.819,-0.0016,0.0,0.0,0.0,0.0,0.0,MANUAL,0.0,-0.5,False,1
469,125.999,-0.0016,0.0,0.0,0.0,0.0,0.0,MANUAL,0.0,-0.5,False,1
470,126.171,-0.0016,0.0,0.0,0.0,0.0,0.0,MANUAL,0.0,-0.5,False,1
471,126.352,-0.0016,0.0,0.0,0.0,0.0,0.0,MANUAL,0.0,-0.5,False,1
472,126.566,-0.0016,0.0,0.0,0.0,0.0,0.0,MANUAL,0.0,-0.5,False,1
473,126.792,-0.0016,0.0,0.0,0.0,0.0,0.0,MANUAL,0.0,-0.5,False,1
474,127.021,-0.0016,0.0,0.0,0.0,0.0,0.0,MANUAL,0.0,-0.5,False,1
475,127.197,-0.0016,0.0,0.0,0.0,0.0,0.0,MANUAL,0.0,-0.5,False,1
476,127.417,-0.0016,0.0,0.0,0.0,0.0,0.0,MANUAL,0.0,-0.5,False,1
477,127.66,-0.0016,0.0,0.0,0.0,0.0,0.0,MANUAL,0.0,-0.5,False,1
478,127.883,-0.0016,0.0,0.0,0.0,0.0,0.0,MANUAL,0.0,-0.5,False,1
479,128.113,-0.0016,0.0,0.0,0.0,0.0,0.0,MANUAL,0.0,-0.5,False,1
480,128.304,-0.0016,0.0,0.0,0.0,0.0,0.0,MANUAL,0.0,-0.5,False,1
481,128.558,-0.0016,0.0,0.0,0.0,0.0,0.0,MANUAL,0.0,-0.5,False,1
482,128.793,-0.0016,0.0,0.0,0.0,0.0,0.0,MANUAL,0.0,-0.5,False,1
483,129.025,-0.0016,0.0,0.0,0.0,0.0,0.0,MANUAL,0.0,-0.5,False,1
484,129.245,-0.0016,0.0,0.0,0.0,0.0,0.0,MANUAL,0.0,-0.5,False,1
485,129.448,-0.0016,0.0,0.0,0.0,0.0,0.0,MANUAL,0.0,-0.5,False,1
486,129.655,-0.0016,0.0,0.0,0.0,0.0,0.0,MANUAL,0.0,-0.5,False,1
487,129.865,-0.0016,0.0,0.0,0.0,0.0,0.0,MANUAL,0.0,-0.5,False,1
488,130.067,-0.0016,0.0,0.0,0.0,0.0,0.0,MANUAL,0.0,-0.5,False,1
489,130.264,-0.0016,0.0,0.0,0.0,0.0,0.0,MANUAL,0.0,-0.5,False,1
490,130.524,-0.0016,0.0,0.0,0.0,0.0,0.0,MANUAL,0.0,-0.5,False,1
491,130.796,-0.0016,0.0,0.0,0.0,0.0,0.0,MANUAL,0.0,-0.5,False,1
492,131.026,-0.0016,0.0,0.0,0.0,0.0,0.0,MANUAL,0.0,-0.5,False,1
493,131.224,-0.0016,0.0,0.0,0.0,0.0,0.0,MANUAL,0.0,-0.5,False,1
494,131.432,-0.0016,0.0,0.0,0.0,0.0,0.0,MANUAL,0.0,-0.5,False,1
495,131.688,-0.0016,0.0,0.0,0.0,0.0,0.0,MANUAL,0.0,-0.5,False,1
496,131.97,-0.0016,0.0,0.0,0.0,0.0,0.0,MANUAL,0.0,-0.5,False,1
497,132.224,-0.0016,0.0,0.0,0.0,0.0,0.0,MANUAL,0.0,-0.5,False,1
498,132.495,-0.0016,0.0,0.0,0.0,0.0,0.0,MANUAL,0.0,-0.5,False,1
499,132.75,-0.0016,0.0,0.0,0.0,0.0,0.0,MANUAL,0.0,-0.5,False,1
500,133.035,-0.0016,0.0,0.001,0.0,0.0,0.0,MANUAL,0.0,-0.5,False,1
501,133.258,-0.0016,0.0,0.0,0.0,0.0,0.0,MANUAL,0.0,-0.5,False,1
502,133.503,-0.0016,0.0,0.0,0.0,0.0,0.0,MANUAL,0.0,-0.5,False,1
503,133.739,-0.0016,0.0,0.0,0.0,0.0,0.0,MANUAL,0.0,-0.5,False,1
504,133.977,-0.0016,0.0,0.0,0.0,0.0,0.0,MANUAL,0.0,-0.5,False,1
505,134.177,-0.0016,0.0,0.0,0.0,0.0,0.0,MANUAL,0.0,-0.5,False,1
506,134.396,-0.0016,0.0,0.0,0.0,0.0,0.0,MANUAL,0.0,-0.5,False,1
507,134.661,-0.0016,0.0,0.0,0.0,0.0,0.0,MANUAL,0.0,-0.5,False,1
508,134.85,-0.0016,0.0,0.0,0.0,0.0,0.0,MANUAL,0.0,-0.5,False,1
509,135.127,-0.0016,0.0,0.0,0.0,0.0,0.0,MANUAL,0.0,-0.5,False,1
510,135.433,-0.0016,0.0,0.0,0.0,0.0,0.0,MANUAL,0.0,-0.5,False,1
511,135.792,-0.0016,0.0,0.0,0.0,0.0,0.0,MANUAL,0.0,-0.5,False,1
512,136.065,-0.0016,0.0,0.0,0.0,0.0,0.0,MANUAL,0.0,-0.5,False,1
513,136.352,-0.0016,0.0,0.0,0.0,0.0,0.0,MANUAL,0.0,-0.5,False,1
514,136.589,-0.0016,0.0,0.0,0.0,0.0,0.0,MANUAL,0.0,-0.5,False,1
515,136.782,-0.0016,0.0,0.0,0.0,0.0,0.0,MANUAL,0.0,-0.5,False,1
516,136.957,-0.0016,-0.0,0.0,0.0,0.0,0.0,MANUAL,0.0,-0.5,False,1
517,137.136,-0.0016,-0.0,0.0,0.0,0.0,0.0,MANUAL,0.0,-0.5,False,1
518,137.353,-0.0016,-0.0,0.0,0.0,0.0,0.0,MANUAL,0.0,-0.5,False,1
519,137.563,-0.0016,0.0,0.0,0.0,0.0,0.0,MANUAL,0.0,-0.5,False,1
520,137.814,-0.0016,0.0,0.0,0.0,0.0,0.0,MANUAL,0.0,-0.5,False,1
521,138.041,-0.0016,0.0,0.0,0.0,0.0,0.0,MANUAL,0.0,-0.5,False,1
522,138.274,-0.0016,0.0,0.0,0.0,0.0,0.0,MANUAL,0.0,-0.5,False,1
523,138.612,-0.0016,0.0,0.0,0.0,0.0,0.0,MANUAL,0.0,-0.5,False,1
524,138.916,-0.0016,0.0,0.0,0.0,0.0,0.0,MANUAL,0.0,-0.5,False,1
525,139.168,-0.0016,0.0,0.0,0.0,0.0,0.0,MANUAL,0.0,-0.5,False,1
526,139.454,-0.0016,0.0,0.0,0.0,0.0,0.0,MANUAL,0.0,-0.5,False,1
527,139.716,-0.0016,0.0,0.0,0.0,0.0,0.0,MANUAL,0.0,-0.5,False,1
528,139.97,-0.0016,0.0,0.0,0.0,0.0,0.0,MANUAL,0.0,-0.5,False,1
529,140.204,-0.0016,0.0,0.0,0.0,0.0,0.0,MANUAL,0.0,-0.5,False,1
530,140.397,-0.0016,0.0,0.0,0.0,0.0,0.0,MANUAL,0.0,-0.5,False,1
531,140.603,-0.0016,0.0,0.0,0.0,0.0,0.0,MANUAL,0.0,-0.5,False,1
532,140.794,-0.0016,0.0,0.0,0.0,0.0,0.0,MANUAL,0.0,-0.5,False,1
533,141.007,-0.0016,0.0,0.0,0.0,0.0,0.0,MANUAL,0.0,-0.5,False,1
534,141.207,-0.0016,0.0,0.0,0.0,0.0,0.0,MANUAL,0.0,-0.5,False,1
535,141.411,-0.0016,0.0,0.0,0.0,0.0,0.0,MANUAL,0.0,-0.5,False,1
536,141.646,-0.0016,0.0,0.0,0.0,0.0,0.0,MANUAL,0.0,-0.5,False,1
537,141.847,-0.0016,0.0,0.0,0.0,0.0,0.0,MANUAL,0.0,-0.5,False,1
538,142.063,-0.0016,0.0,0.0,0.0,0.0,0.0,MANUAL,0.0,-0.5,False,1
539,142.263,-0.0016,0.0,0.0,0.0,0.0,0.0,MANUAL,0.0,-0.5,False,1
540,142.65,-0.0016,0.0,0.0,0.0,0.0,0.0,MANUAL,0.0,-0.5,False,1
541,142.874,-0.0016,0.0,0.0,0.0,0.0,0.0,MANUAL,0.0,-0.5,False,1
542,143.081,-0.0016,0.0,0.0,0.0,0.0,0.0,MANUAL,0.0,-0.5,False,1
543,143.299,-0.0016,0.0,0.0,0.0,0.0,0.0,MANUAL,0.0,-0.5,False,1
544,143.448,-0.0016,0.0,0.0,0.0,0.0,0.0,MANUAL,0.0,-0.5,False,1
545,143.641,-0.0016,0.0,0.0,0.0,0.0,0.0,MANUAL,0.0,-0.5,False,1
546,143.849,-0.0016,0.0,0.0,0.0,0.0,0.0,MANUAL,0.0,-0.5,False,1
547,144.113,-0.0016,0.0,0.0,0.0,0.0,0.0,MANUAL,0.0,-0.5,False,1
548,144.359,-0.0016,0.0,0.0,0.0,0.0,0.0,MANUAL,0.0,-0.5,False,1
549,144.6,-0.0016,0.0,0.0,0.0,0.0,0.0,MANUAL,0.0,-0.5,False,1
550,144.916,-0.0016,0.0,0.0,0.0,0.0,0.0,MANUAL,0.0,-0.5,False,1
551,145.199,-0.0016,0.0,0.0,0.0,0.0,0.0,MANUAL,0.0,-0.5,False,1
552,145.477,-0.0016,0.0,0.0,0.0,0.0,0.0,MANUAL,0.0,-0.5,False,1
553,145.788,-0.0016,0.0,0.0,0.0,0.0,0.0,MANUAL,0.0,-0.5,False,1
554,146.045,-0.0016,0.0,0.0,0.0,0.0,0.0,MANUAL,0.0,-0.5,False,1
555,146.31,-0.0016,0.0,0.0,0.0,0.0,0.0,MANUAL,0.0,-0.5,False,1
556,146.556,-0.0016,0.0,0.0,0.0,0.0,0.0,MANUAL,0.0,-0.5,False,1
557,146.841,-0.0016,0.0,0.0,0.0,0.0,0.0,MANUAL,0.0,-0.5,False,1
558,147.063,-0.0016,0.0,0.0,0.0,0.0,0.0,MANUAL,0.0,-0.5,False,1
559,147.336,-0.0016,0.0,0.0,0.0,0.0,0.0,MANUAL,0.0,-0.5,False,1
560,147.561,-0.0016,0.0,0.0,0.0,0.0,0.0,MANUAL,0.0,-0.5,False,1
561,147.829,-0.0016,0.0,0.0,0.0,0.0,0.0,MANUAL,0.0,-0.5,False,1
562,148.083,-0.0016,0.0,0.0,0.0,0.0,0.0,MANUAL,0.0,-0.5,False,1
563,148.308,-0.0016,0.0,0.0,0.0,0.0,0.0,MANUAL,0.0,-0.5,False,1
564,148.534,-0.0016,0.0,0.0,0.0,0.0,0.0,MANUAL,0.0,-0.5,False,1
565,148.744,-0.0016,0.0,0.001,0.0,0.0,0.0,MANUAL,0.0,-0.5,False,1
566,148.97,-0.0016,0.0,0.0,0.0,0.0,0.0,MANUAL,0.0,-0.5,False,1
567,149.19,-0.0016,0.0,0.0,0.0,0.0,0.0,MANUAL,0.0,-0.5,False,1
568,149.426,-0.0016,0.0,0.0,0.0,0.0,0.0,MANUAL,0.0,-0.5,False,1
569,149.67,-0.0016,0.0,0.0,0.0,0.0,0.0,MANUAL,0.0,-0.5,False,1
570,149.868,-0.0016,0.0,0.0,0.0,0.0,0.0,MANUAL,0.0,-0.5,False,1
571,150.054,-0.0016,0.0,0.0,0.0,0.0,0.0,MANUAL,0.0,-0.5,False,1
572,150.225,-0.0016,0.0,0.0,0.0,0.0,0.0,MANUAL,0.0,-0.5,False,1
573,150.404,-0.0016,0.0,0.0,0.0,0.0,0.0,MANUAL,0.0,-0.5,False,1
574,150.578,-0.0016,0.0,0.0,0.0,0.0,0.0,MANUAL,0.0,-0.5,False,1
575,150.748,-0.0016,0.0,0.0,0.0,0.0,0.0,MANUAL,0.0,-0.5,False,1
576,150.901,-0.0016,0.0,0.0,0.0,0.0,0.0,MANUAL,0.0,-0.5,False,1
577,151.062,-0.0016,0.0,0.0,0.0,0.0,0.0,MANUAL,0.0,-0.5,False,1
578,151.299,-0.0016,0.0,0.0,0.0,0.0,0.0,MANUAL,0.0,-0.5,False,1
579,151.51,-0.0016,0.0,0.0,0.0,0.0,0.0,MANUAL,0.0,-0.5,False,1
580,151.729,-0.0016,0.0,0.001,0.0,0.0,0.0,MANUAL,0.0,-0.5,False,1
581,151.952,-0.0016,0.0,0.0,0.0,0.0,0.0,MANUAL,0.0,-0.5,False,1
582,152.178,-0.0016,0.0,0.0,0.0,0.0,0.0,MANUAL,0.0,-0.5,False,1
583,152.381,-0.0016,0.0,0.0,0.0,0.0,0.0,MANUAL,0.0,-0.5,False,1
584,152.62,-0.0016,0.0,0.0,0.0,0.0,0.0,MANUAL,0.0,-0.5,False,1
585,152.85,-0.0016,0.0,0.0,0.0,0.0,0.0,MANUAL,0.0,-0.5,False,1
586,153.105,-0.0016,0.0,0.0,0.0,0.0,0.0,MANUAL,0.0,-0.5,False,1
587,153.345,-0.0016,0.0,0.0,0.0,0.0,0.0,MANUAL,0.0,-0.5,False,1
588,153.578,-0.0016,0.0,0.0,0.0,0.0,0.0,MANUAL,0.0,-0.5,False,1
589,153.903,-0.0016,0.0,0.0,0.0,0.0,0.0,MANUAL,0.0,-0.5,False,1
590,154.23,-0.0016,0.0,0.0,0.0,0.0,0.0,MANUAL,0.0,-0.5,False,1
591,154.497,-0.0016,0.0,0.0,0.0,0.0,0.0,MANUAL,0.0,-0.5,False,1
592,154.721,-0.0016,0.0,0.0,0.0,0.0,0.0,MANUAL,0.0,-0.5,False,1
593,154.927,-0.0016,0.0,0.0,0.0,0.0,0.0,MANUAL,0.0,-0.5,False,1
594,155.138,-0.0016,0.0,0.0,0.0,0.0,0.0,MANUAL,0.0,-0.5,False,1
595,155.405,-0.0016,0.0,0.0,0.0,0.0,0.0,MANUAL,0.0,-0.5,False,1
596,155.67,-0.0016,0.0,0.0,0.0,0.0,0.0,MANUAL,0.0,-0.5,False,1
597,155.956,-0.0016,0.0,0.0,0.0,0.0,0.0,MANUAL,0.0,-0.5,False,1
598,156.209,-0.0016,0.0,0.0,0.0,0.0,0.0,MANUAL,0.0,-0.5,False,1
599,156.452,-0.0016,0.0,0.0,0.0,0.0,0.0,MANUAL,0.0,-0.5,False,1
600,156.713,-0.0016,0.0,0.0,0.0,0.0,0.0,MANUAL,0.0,-0.5,False,1
601,156.911,-0.0016,0.0,0.0,0.0,0.0,0.0,MANUAL,0.0,-0.5,False,1
602,157.107,-0.0016,0.0,0.0,0.0,0.0,0.0,MANUAL,0.0,-0.5,False,1
603,157.289,-0.0016,0.0,0.0,0.0,0.0,0.0,MANUAL,0.0,-0.5,False,1
604,157.455,-0.0016,0.0,0.0,0.0,0.0,0.0,MANUAL,0.0,-0.5,False,1
605,157.631,-0.0016,0.0,0.0,0.0,0.0,0.0,MANUAL,0.0,-0.5,False,1
606,157.815,-0.0016,0.0,0.0,0.0,0.0,0.0,MANUAL,0.0,-0.5,False,1
607,157.985,-0.0016,0.0,0.0,0.0,0.0,0.0,MANUAL,0.0,-0.5,False,1
608,158.172,-0.0016,0.0,0.0,0.0,0.0,0.0,MANUAL,0.0,-0.5,False,1
609,158.378,-0.0016,0.0,0.0,0.0,0.0,0.0,MANUAL,0.0,-0.5,False,1
610,158.593,-0.0016,0.0,0.0,0.0,0.0,0.0,MANUAL,0.0,-0.5,False,1
611,158.783,-0.0016,0.0,0.0,0.0,0.0,0.0,MANUAL,0.0,-0.5,False,1
612,158.979,-0.0016,0.0,0.0,0.0,0.0,0.0,MANUAL,0.0,-0.5,False,1
613,159.17,-0.0016,0.0,0.0,0.0,0.0,0.0,MANUAL,0.0,-0.5,False,1
614,159.365,-0.0016,0.0,0.0,0.0,0.0,0.0,MANUAL,0.0,-0.5,False,1
615,159.559,-0.0016,0.0,0.0,0.0,0.0,0.0,MANUAL,0.0,-0.5,False,1
616,159.753,-0.0016,0.0,0.0,0.0,0.0,0.0,MANUAL,0.0,-0.5,False,1
617,159.945,-0.0016,0.0,0.0,0.0,0.0,0.0,MANUAL,0.0,-0.5,False,1
618,160.147,-0.0016,0.0,0.0,0.0,0.0,0.0,MANUAL,0.0,-0.5,False,1
619,160.328,-0.0016,0.0,0.0,0.0,0.0,0.0,MANUAL,0.0,-0.5,False,1
620,160.536,-0.0016,0.0,0.0,0.0,0.0,0.0,MANUAL,0.0,-0.5,False,1
621,160.741,-0.0016,0.0,0.0,0.0,0.0,0.0,MANUAL,0.0,-0.5,False,1
622,160.917,-0.0016,0.0,0.0,0.0,0.0,0.0,MANUAL,0.0,-0.5,False,1
623,161.102,-0.0016,0.0,0.0,0.0,0.0,0.0,MANUAL,0.0,-0.5,False,1
624,161.287,-0.0016,0.0,0.0,0.0,0.0,0.0,MANUAL,0.0,-0.5,False,1
625,161.474,-0.0016,0.0,0.0,0.0,0.0,0.0,MANUAL,0.0,-0.5,False,1
626,161.664,-0.0016,0.0,0.0,0.0,0.0,0.0,MANUAL,0.0,-0.5,False,1
627,161.846,-0.0016,0.0,0.0,0.0,0.0,0.0,MANUAL,0.0,-0.5,False,1
628,162.032,-0.0016,0.0,0.0,0.0,0.0,0.0,MANUAL,0.0,-0.5,False,1
629,162.2,-0.0016,0.0,0.0,0.0,0.0,0.0,MANUAL,0.0,-0.5,False,1
630,162.402,-0.0016,0.0,0.0,0.0,0.0,0.0,MANUAL,0.0,-0.5,False,1
631,162.602,-0.0016,0.0,0.0,0.0,0.0,0.0,MANUAL,0.0,-0.5,False,1
632,162.808,-0.0016,0.0,0.0,0.0,0.0,0.0,MANUAL,0.0,-0.5,False,1
633,162.999,-0.0016,0.0,0.0,0.0,0.0,0.0,MANUAL,0.0,-0.5,False,1
634,163.197,-0.0016,0.0,0.0,0.0,0.0,0.0,MANUAL,0.0,-0.5,False,1
635,163.383,-0.0016,0.0,0.0,0.0,0.0,0.0,MANUAL,0.0,-0.5,False,1
636,163.577,-0.0016,0.0,0.0,0.0,0.0,0.0,MANUAL,0.0,-0.5,False,1
637,163.785,-0.0016,0.0,0.0,0.0,0.0,0.0,MANUAL,0.0,-0.5,False,1
638,163.981,-0.0016,0.0,0.0,0.0,0.0,0.0,MANUAL,0.0,-0.5,False,1
639,164.159,-0.0016,0.0,0.0,0.0,0.0,0.0,MANUAL,0.0,-0.5,False,1
640,164.342,-0.0016,0.0,0.0,0.0,0.0,0.0,MANUAL,0.0,-0.5,False,1
641,164.515,-0.0016,0.0,0.0,0.0,0.0,0.0,MANUAL,0.0,-0.5,False,1
642,164.684,-0.0016,0.0,0.0,0.0,0.0,0.0,MANUAL,0.0,-0.5,False,1
643,164.857,-0.0016,0.0,0.0,0.0,0.0,0.0,MANUAL,0.0,-0.5,False,1
644,165.015,-0.0016,0.0,0.0,0.0,0.0,0.0,MANUAL,0.0,-0.5,False,1
645,165.181,-0.0016,0.0,0.0,0.0,0.0,0.0,MANUAL,0.0,-0.5,False,1
646,165.352,-0.0016,0.0,0.0,0.0,0.0,0.0,MANUAL,0.0,-0.5,False,1
647,165.512,-0.0016,0.0,0.0,0.0,0.0,0.0,MANUAL,0.0,-0.5,False,1
648,165.671,-0.0016,0.0,0.0,0.0,0.0,0.0,MANUAL,0.0,-0.5,False,1
649,165.829,-0.0016,0.0,0.001,0.0,0.0,0.0,MANUAL,0.0,-0.5,False,1
650,166.063,-0.0016,0.0,0.0,0.0,0.0,0.0,MANUAL,0.0,-0.5,False,1
651,166.311,-0.0016,0.0,0.0,0.0,0.0,0.0,MANUAL,0.0,-0.5,False,1
652,166.602,-0.0016,0.0,0.0,0.0,0.0,0.0,MANUAL,0.0,-0.5,False,1
653,166.897,-0.0016,0.0,0.0,0.0,0.0,0.0,MANUAL,0.0,-0.5,False,1
654,167.089,-0.0016,0.0,0.0,0.0,0.0,0.0,MANUAL,0.0,-0.5,False,1
655,167.297,-0.0016,0.0,0.0,0.0,0.0,0.0,MANUAL,0.0,-0.5,False,1
656,167.502,-0.0016,0.0,0.0,0.0,0.0,0.0,MANUAL,0.0,-0.5,False,1
657,167.7,-0.0016,0.0,0.0,0.0,0.0,0.0,MANUAL,0.0,-0.5,False,1
658,167.903,-0.0016,0.0,0.0,0.0,0.0,0.0,MANUAL,0.0,-0.5,False,1
659,168.106,-0.0016,0.0,0.0,0.0,0.0,0.0,MANUAL,0.0,-0.5,False,1
660,168.385,-0.0016,0.0,0.0,0.0,0.0,0.0,MANUAL,0.0,-0.5,False,1
661,168.657,-0.0016,0.0,0.0,0.0,0.0,0.0,MANUAL,0.0,-0.5,False,1
662,168.903,-0.0016,0.0,0.0,0.0,0.0,0.0,MANUAL,0.0,-0.5,False,1
663,169.164,-0.0016,0.0,0.0,0.0,0.0,0.0,MANUAL,0.0,-0.5,False,1
664,169.423,-0.0016,0.0,0.0,0.0,0.0,0.0,MANUAL,0.0,-0.5,False,1
665,169.648,-0.0016,0.0,0.0,0.0,0.0,0.0,MANUAL,0.0,-0.5,False,1
666,169.968,-0.0016,0.0,0.0,0.0,0.0,0.0,MANUAL,0.0,-0.5,False,1
667,170.207,-0.0016,0.0,0.0,0.0,0.0,0.0,MANUAL,0.0,-0.5,False,1
668,170.418,-0.0016,0.0,0.0,0.0,0.0,0.0,MANUAL,0.0,-0.5,False,1
669,170.621,-0.0016,0.0,0.0,0.0,0.0,0.0,MANUAL,0.0,-0.5,False,1
670,170.818,-0.0016,0.0,0.0,0.0,0.0,0.0,MANUAL,0.0,-0.5,False,1
671,171.0,-0.0016,0.0,0.0,0.0,0.0,0.0,MANUAL,0.0,-0.5,False,1
672,171.196,-0.0016,0.0,0.0,0.0,0.0,0.0,MANUAL,0.0,-0.5,False,1
673,171.406,-0.0016,0.0,0.0,0.0,0.0,0.0,MANUAL,0.0,-0.5,False,1
674,171.598,-0.0016,0.0,0.0,0.0,0.0,0.0,MANUAL,0.0,-0.5,False,1
675,171.867,-0.0016,0.0,0.0,0.0,0.0,0.0,MANUAL,0.0,-0.5,False,1
676,172.123,-0.0016,0.0,0.0,0.0,0.0,0.0,MANUAL,0.0,-0.5,False,1
677,172.402,-0.0016,0.0,0.0,0.0,0.0,0.0,MANUAL,0.0,-0.5,False,1
678,172.634,-0.0016,0.0,0.0,0.0,0.0,0.0,MANUAL,0.0,-0.5,False,1
679,172.849,-0.0016,0.0,0.0,0.0,0.0,0.0,MANUAL,0.0,-0.5,False,1
680,173.069,-0.0016,0.0,0.0,0.0,0.0,0.0,MANUAL,0.0,-0.5,False,1
681,173.246,-0.0016,0.0,0.0,0.0,0.0,0.0,MANUAL,0.0,-0.5,False,1
682,173.532,-0.0016,0.0,0.0,0.0,0.0,0.0,MANUAL,0.0,-0.5,False,1
683,173.747,-0.0016,0.0,0.0,0.0,0.0,0.0,MANUAL,0.0,-0.5,False,1
684,173.936,-0.0016,0.0,0.0,0.0,0.0,0.0,MANUAL,0.0,-0.5,False,1
685,174.144,-0.0016,0.0,0.0,0.0,0.0,0.0,MANUAL,0.0,-0.5,False,1
686,174.395,-0.0016,0.0,0.0,0.0,0.0,0.0,MANUAL,0.0,-0.5,False,1
687,174.642,-0.0016,0.0,0.0,0.0,0.0,0.0,MANUAL,0.0,-0.5,False,1
688,174.897,-0.0016,0.0,0.0,0.0,0.0,0.0,MANUAL,0.0,-0.5,False,1
689,175.061,-0.0016,0.0,0.0,0.0,0.0,0.0,MANUAL,0.0,-0.5,False,1
690,175.235,-0.0016,0.0,0.0,0.0,0.0,0.0,MANUAL,0.0,-0.5,False,1
691,175.466,-0.0016,0.0,0.0,0.0,0.0,0.0,MANUAL,0.0,-0.5,False,1
692,175.677,-0.0016,0.0,0.0,0.0,0.0,0.0,MANUAL,0.0,-0.5,False,1
693,175.864,-0.0016,0.0,0.0,0.0,0.0,0.0,MANUAL,0.0,-0.5,False,1
694,176.107,-0.0016,0.0,0.0,0.0,0.0,0.0,MANUAL,0.0,-0.5,False,1
695,176.355,-0.0016,0.0,0.0,0.0,0.0,0.0,MANUAL,0.0,-0.5,False,1
696,176.853,-0.0016,0.0,0.0,0.0,0.0,0.0,MANUAL,0.0,-0.5,False,1
697,177.215,-0.0016,0.0,0.001,0.0,0.0,0.0,MANUAL,0.0,-0.5,False,1
698,177.541,-0.0016,0.0,0.0,0.0,0.0,0.0,MANUAL,0.0,-0.5,False,1
699,177.905,-0.0016,0.0,0.0,0.0,0.0,0.0,MANUAL,0.0,-0.5,False,1
700,178.177,-0.0016,0.0,0.0,0.0,0.0,0.0,MANUAL,0.0,-0.5,False,1
701,178.508,-0.0016,0.0,0.0,0.0,0.0,0.0,MANUAL,0.0,-0.5,False,1
702,178.754,-0.0016,0.0,0.0,0.0,0.0,0.0,MANUAL,0.0,-0.5,False,1
703,179.009,-0.0016,0.0,0.0,0.0,0.0,0.0,MANUAL,0.0,-0.5,False,1
704,179.315,-0.0016,0.0,0.0,0.0,0.0,0.0,MANUAL,0.0,-0.5,False,1
705,179.552,-0.0016,0.0,0.0,0.0,0.0,0.0,MANUAL,0.0,-0.5,False,1
706,179.82,-0.0016,0.0,0.0,0.0,0.0,0.0,MANUAL,0.0,-0.5,False,1
707,180.016,-0.0016,0.0,0.0,0.0,0.0,0.0,MANUAL,0.0,-0.5,False,1
708,180.196,-0.0016,0.0,0.0,0.0,0.0,0.0,MANUAL,0.0,-0.5,False,1
709,180.426,-0.0016,0.0,0.0,0.0,0.0,0.0,MANUAL,0.0,-0.5,False,1
710,180.638,-0.0016,0.0,0.0,0.0,0.0,0.0,MANUAL,0.0,-0.5,False,1
711,180.869,-0.0016,0.0,0.0,0.0,0.0,0.0,MANUAL,0.0,-0.5,False,1
712,181.058,-0.0016,0.0,0.0,0.0,0.0,0.0,MANUAL,0.0,-0.5,False,1
713,181.257,-0.0016,0.0,0.0,0.0,0.0,0.0,MANUAL,0.0,-0.5,False,1
714,181.472,-0.0016,0.0,0.0,0.0,0.0,0.0,MANUAL,0.0,-0.5,False,1
715,181.703,-0.0016,0.0,0.0,0.0,0.0,0.0,MANUAL,0.0,-0.5,False,1
716,181.92,-0.0016,0.0,0.0,0.0,0.0,0.0,MANUAL,0.0,-0.5,False,1
717,182.183,-0.0016,0.0,0.0,0.0,0.0,0.0,MANUAL,0.0,-0.5,False,1
718,182.461,-0.0016,0.0,0.0,0.0,0.0,0.0,MANUAL,0.0,-0.5,False,1
719,182.724,-0.0016,0.0,0.0,0.0,0.0,0.0,MANUAL,0.0,-0.5,False,1
720,183.03,-0.0016,0.0,0.0,0.0,0.0,0.0,MANUAL,0.0,-0.5,False,1
721,183.243,-0.0016,0.0,0.0,0.0,0.0,0.0,MANUAL,0.0,-0.5,False,1
722,183.435,-0.0016,0.0,0.0,0.0,0.0,0.0,MANUAL,0.0,-0.5,False,1
723,183.638,-0.0016,0.0,0.0,0.0,0.0,0.0,MANUAL,0.0,-0.5,False,1
724,183.837,-0.0016,0.0,0.0,0.0,0.0,0.0,MANUAL,0.0,-0.5,False,1
725,184.064,-0.0016,0.0,0.0,0.0,0.0,0.0,MANUAL,0.0,-0.5,False,1
726,184.302,-0.0016,0.0,0.0,0.0,0.0,0.0,MANUAL,0.0,-0.5,False,1
727,184.579,-0.0016,0.0,0.0,0.0,0.0,0.0,MANUAL,0.0,-0.5,False,1
728,184.832,-0.0016,0.0,0.0,0.0,0.0,0.0,MANUAL,0.0,-0.5,False,1
729,185.064,-0.0016,0.0,0.0,0.0,0.0,0.0,MANUAL,0.0,-0.5,False,1
730,185.287,-0.0016,0.0,0.0,0.0,0.0,0.0,MANUAL,0.0,-0.5,False,1
731,185.498,-0.0016,0.0,0.0,0.0,0.0,0.0,MANUAL,0.0,-0.5,False,1
732,185.685,-0.0016,0.0,0.0,0.0,0.0,0.0,MANUAL,0.0,-0.5,False,1
733,185.896,-0.0016,0.0,0.0,0.0,0.0,0.0,MANUAL,0.0,-0.5,False,1
734,186.108,-0.0016,0.0,0.0,0.0,0.0,0.0,MANUAL,0.0,-0.5,False,1
735,186.345,-0.0016,0.0,0.0,0.0,0.0,0.0,MANUAL,0.0,-0.5,False,1
736,186.592,-0.0016,0.0,0.0,0.0,0.0,0.0,MANUAL,0.0,-0.5,False,1
737,186.892,-0.0016,0.0,0.0,0.0,0.0,0.0,MANUAL,0.0,-0.5,False,1
738,187.086,-0.0016,0.0,0.0,0.0,0.0,0.0,MANUAL,0.0,-0.5,False,1
739,187.287,-0.0016,0.0,0.0,0.0,0.0,0.0,MANUAL,0.0,-0.5,False,1
740,187.477,-0.0016,0.0,0.0,0.0,0.0,0.0,MANUAL,0.0,-0.5,False,1
741,187.679,-0.0016,0.0,0.0,0.0,0.0,0.0,MANUAL,0.0,-0.5,False,1
742,187.883,-0.0016,0.0,0.0,0.0,0.0,0.0,MANUAL,0.0,-0.5,False,1
743,188.095,-0.0016,0.0,0.0,0.0,0.0,0.0,MANUAL,0.0,-0.5,False,1
744,188.302,-0.0016,0.0,0.0,0.0,0.0,0.0,MANUAL,0.0,-0.5,False,1
745,188.519,-0.0016,0.0,0.0,0.0,0.0,0.0,MANUAL,0.0,-0.5,False,1
746,188.83,-0.0016,0.0,0.0,0.0,0.0,0.0,MANUAL,0.0,-0.5,False,1
747,189.096,-0.0016,0.0,0.0,0.0,0.0,0.0,MANUAL,0.0,-0.5,False,1
748,189.453,-0.0016,0.0,0.0,0.0,0.0,0.0,MANUAL,0.0,-0.5,False,1
749,189.796,-0.0016,0.0,0.001,0.0,0.0,0.0,MANUAL,0.0,-0.5,False,1
750,190.03,-0.0016,0.0,0.0,0.0,0.0,0.0,MANUAL,0.0,-0.5,False,1
751,190.279,-0.0016,0.0,0.0,0.0,0.0,0.0,MANUAL,0.0,-0.5,False,1
752,190.507,-0.0016,0.0,0.0,0.0,0.0,0.0,MANUAL,0.0,-0.5,False,1
753,190.861,-0.0016,0.0,0.0,0.0,0.0,0.0,MANUAL,0.0,-0.5,False,1
754,191.04,-0.0016,0.0,0.0,0.0,0.0,0.0,MANUAL,0.0,-0.5,False,1
755,191.23,-0.0016,0.0,0.0,0.0,0.0,0.0,MANUAL,0.0,-0.5,False,1
756,191.449,-0.0016,0.0,0.0,0.0,0.0,0.0,MANUAL,0.0,-0.5,False,1
757,191.641,-0.0016,0.0,0.0,0.0,0.0,0.0,MANUAL,0.0,-0.5,False,1
758,191.836,-0.0016,0.0,0.0,0.0,0.0,0.0,MANUAL,0.0,-0.5,False,1
759,192.049,-0.0016,0.0,0.0,0.0,0.0,0.0,MANUAL,0.0,-0.5,False,1
760,192.294,-0.0016,0.0,0.0,0.0,0.0,0.0,MANUAL,0.0,-0.5,False,1
761,192.555,-0.0016,0.0,0.0,0.0,0.0,0.0,MANUAL,0.0,-0.5,False,1
762,192.82,-0.0016,0.0,0.0,0.0,0.0,0.0,MANUAL,0.0,-0.5,False,1
763,193.033,-0.0016,0.0,0.0,0.0,0.0,0.0,MANUAL,0.0,-0.5,False,1
764,193.249,-0.0016,0.0,0.0,0.0,0.0,0.0,MANUAL,0.0,-0.5,False,1
765,193.428,-0.0016,0.0,0.0,0.0,0.0,0.0,MANUAL,0.0,-0.5,False,1
766,193.644,-0.0016,0.0,0.0,0.0,0.0,0.0,MANUAL,0.0,-0.5,False,1
767,193.87,-0.0016,0.0,0.0,0.0,0.0,0.0,MANUAL,0.0,-0.5,False,1
768,194.068,-0.0016,0.0,0.0,0.0,0.0,0.0,MANUAL,0.0,-0.5,False,1
769,194.267,-0.0016,0.0,0.0,0.0,0.0,0.0,MANUAL,0.0,-0.5,False,1
770,194.494,-0.0016,0.0,0.0,0.0,0.0,0.0,MANUAL,0.0,-0.5,False,1
771,194.697,-0.0016,0.0,0.0,0.0,0.0,0.0,MANUAL,0.0,-0.5,False,1
772,194.907,-0.0016,-0.0,0.0,0.0,0.0,0.0,MANUAL,0.0,-0.5,False,1
773,195.092,-0.0016,-0.0,0.0,0.0,0.0,0.0,MANUAL,0.0,-0.5,False,1
774,195.273,-0.0016,-0.0,0.0,0.0,0.0,0.0,MANUAL,0.0,-0.5,False,1
775,195.515,-0.0016,0.0,0.0,0.0,0.0,0.0,MANUAL,0.0,-0.5,False,1
776,195.769,-0.0016,0.0,0.0,0.0,0.0,0.0,MANUAL,0.0,-0.5,False,1
777,195.99,-0.0016,0.0,0.0,0.0,0.0,0.0,MANUAL,0.0,-0.5,False,1
778,196.188,-0.0016,0.0,0.0,0.0,0.0,0.0,MANUAL,0.0,-0.5,False,1
779,196.406,-0.0016,0.0,0.0,0.0,0.0,0.0,MANUAL,0.0,-0.5,False,1
780,196.595,-0.0016,0.0,0.0,0.0,0.0,0.0,MANUAL,0.0,-0.5,False,1
781,196.814,-0.0016,0.0,0.0,0.0,0.0,0.0,MANUAL,0.0,-0.5,False,1
782,196.986,-0.0016,0.0,0.0,0.0,0.0,0.0,MANUAL,0.0,-0.5,False,1
783,197.182,-0.0016,0.0,0.0,0.0,0.0,0.0,MANUAL,0.0,-0.5,False,1
784,197.398,-0.0016,0.0,0.0,0.0,0.0,0.0,MANUAL,0.0,-0.5,False,1
785,197.601,-0.0016,0.0,0.0,0.0,0.0,0.0,MANUAL,0.0,-0.5,False,1
786,197.787,-0.0016,0.0,0.0,0.0,0.0,0.0,MANUAL,0.0,-0.5,False,1
787,197.988,-0.0016,0.0,0.0,0.0,0.0,0.0,MANUAL,0.0,-0.5,False,1
788,198.202,-0.0016,0.0,0.0,0.0,0.0,0.0,MANUAL,0.0,-0.5,False,1
789,198.405,-0.0016,0.0,0.0,0.0,0.0,0.0,MANUAL,0.0,-0.5,False,1
790,198.593,-0.0016,0.0,0.0,0.0,0.0,0.0,MANUAL,0.0,-0.5,False,1
791,198.79,-0.0016,0.0,0.0,0.0,0.0,0.0,MANUAL,0.0,-0.5,False,1
792,199.001,-0.0016,0.0,0.0,0.0,0.0,0.0,MANUAL,0.0,-0.5,False,1
793,199.198,-0.0016,0.0,0.0,0.0,0.0,0.0,MANUAL,0.0,-0.5,False,1
794,199.41,-0.0016,0.0,0.0,0.0,0.0,0.0,MANUAL,0.0,-0.5,False,1
795,199.627,-0.0016,0.0,0.0,0.0,0.0,0.0,MANUAL,0.0,-0.5,False,1
796,199.849,-0.0016,0.0,0.0,0.0,0.0,0.0,MANUAL,0.0,-0.5,False,1
797,200.031,-0.0016,0.0,0.0,0.0,0.0,0.0,MANUAL,0.0,-0.5,False,1
798,200.228,-0.0016,0.0,0.0,0.0,0.0,0.0,MANUAL,0.0,-0.5,False,1
799,200.43,-0.0016,0.0,0.0,0.0,0.0,0.0,MANUAL,0.0,-0.5,False,1
800,200.628,-0.0016,0.0,0.0,0.0,0.0,0.0,MANUAL,0.0,-0.5,False,1
801,200.834,-0.0016,0.0,0.0,0.0,0.0,0.0,MANUAL,0.0,-0.5,False,1
802,201.041,-0.0016,0.0,0.0,0.0,0.0,0.0,MANUAL,0.0,-0.5,False,1
803,201.262,-0.0016,0.0,0.0,0.0,0.0,0.0,MANUAL,0.0,-0.5,False,1
804,201.472,-0.0016,0.0,0.0,0.0,0.0,0.0,MANUAL,0.0,-0.5,False,1
805,201.669,-0.0016,0.0,0.0,0.0,0.0,0.0,MANUAL,0.0,-0.5,False,1
806,201.888,-0.0016,0.0,0.0,0.0,0.0,0.0,MANUAL,0.0,-0.5,False,1
807,202.095,-0.0016,0.0,0.0,0.0,0.0,0.0,MANUAL,0.0,-0.5,False,1
808,202.279,-0.0016,0.0,0.0,0.0,0.0,0.0,MANUAL,0.0,-0.5,False,1
809,202.496,-0.0016,0.0,0.0,0.0,0.0,0.0,MANUAL,0.0,-0.5,False,1
810,202.69,-0.0016,0.0,0.0,0.0,0.0,0.0,MANUAL,0.0,-0.5,False,1
811,202.908,-0.0016,0.0,0.0,0.0,0.0,0.0,MANUAL,0.0,-0.5,False,1
812,203.078,-0.0016,0.0,0.0,0.0,0.0,0.0,MANUAL,0.0,-0.5,False,1
813,203.292,-0.0016,0.0,0.0,0.0,0.0,0.0,MANUAL,0.0,-0.5,False,1
814,203.485,-0.0016,0.0,0.0,0.0,0.0,0.0,MANUAL,0.0,-0.5,False,1
815,203.658,-0.0016,0.0,0.0,0.0,0.0,0.0,MANUAL,0.0,-0.5,False,1
816,203.86,-0.0016,0.0,0.0,0.0,0.0,0.0,MANUAL,0.0,-0.5,False,1
817,204.04,-0.0016,0.0,0.0,0.0,0.0,0.0,MANUAL,0.0,-0.5,False,1
818,204.26,-0.0016,0.0,0.0,0.0,0.0,0.0,MANUAL,0.0,-0.5,False,1
819,204.462,-0.0016,0.0,0.0,0.0,0.0,0.0,MANUAL,0.0,-0.5,False,1
820,204.644,-0.0016,0.0,0.0,0.0,0.0,0.0,MANUAL,0.0,-0.5,False,1
821,204.842,-0.0016,0.0,0.0,0.0,0.0,0.0,MANUAL,0.0,-0.5,False,1
822,205.04,-0.0016,0.0,0.0,0.0,0.0,0.0,MANUAL,0.0,-0.5,False,1
823,205.247,-0.0016,0.0,0.0,0.0,0.0,0.0,MANUAL,0.0,-0.5,False,1
824,205.485,-0.0016,0.0,0.0,0.0,0.0,0.0,MANUAL,0.0,-0.5,False,1
825,205.802,-0.0016,0.0,0.0,0.0,0.0,0.0,MANUAL,0.0,-0.5,False,1
826,206.03,-0.0016,0.0,0.0,0.0,0.0,0.0,MANUAL,0.0,-0.5,False,1
827,206.237,-0.0016,0.0,0.0,0.0,0.0,0.0,MANUAL,0.0,-0.5,False,1
828,206.513,-0.0016,0.0,0.0,0.0,0.0,0.0,MANUAL,0.0,-0.5,False,1
829,206.763,-0.0016,0.0,0.0,0.0,0.0,0.0,MANUAL,0.0,-0.5,False,1
830,207.044,-0.0016,0.0,0.0,0.0,0.0,0.0,MANUAL,0.0,-0.5,False,1
831,207.303,-0.0016,0.0,0.0,0.0,0.0,0.0,MANUAL,0.0,-0.5,False,1
832,207.557,-0.0016,0.0,0.0,0.0,0.0,0.0,MANUAL,0.0,-0.5,False,1
833,207.861,-0.0016,0.0,0.0,0.0,0.0,0.0,MANUAL,0.0,-0.5,False,1
834,208.132,-0.0016,0.0,0.0,0.0,0.0,0.0,MANUAL,0.0,-0.5,False,1
835,208.382,-0.0016,0.0,0.0,0.0,0.0,0.0,MANUAL,0.0,-0.5,False,1
836,208.626,-0.0016,0.0,0.0,0.0,0.0,0.0,MANUAL,0.0,-0.5,False,1
837,208.878,-0.0016,0.0,0.0,0.0,0.0,0.0,MANUAL,0.0,-0.5,False,1
838,209.111,-0.0016,0.0,0.0,0.0,0.0,0.0,MANUAL,0.0,-0.5,False,1
839,209.329,-0.0016,0.0,0.0,0.0,0.0,0.0,MANUAL,0.0,-0.5,False,1
840,209.654,-0.0016,0.0,0.0,0.0,0.0,0.0,MANUAL,0.0,-0.5,False,1
841,209.944,-0.0016,0.0,0.0,0.0,0.0,0.0,MANUAL,0.0,-0.5,False,1
842,210.147,-0.0016,0.0,0.0,0.0,0.0,0.0,MANUAL,0.0,-0.5,False,1
843,210.343,-0.0016,0.0,0.0,0.0,0.0,0.0,MANUAL,0.0,-0.5,False,1
844,210.527,-0.0016,0.0,0.0,0.0,0.0,0.0,MANUAL,0.0,-0.5,False,1
845,210.727,-0.0016,0.0,0.0,0.0,0.0,0.0,MANUAL,0.0,-0.5,False,1
846,210.965,-0.0016,0.0,0.0,0.0,0.0,0.0,MANUAL,0.0,-0.5,False,1
847,211.181,-0.0016,0.0,0.0,0.0,0.0,0.0,MANUAL,0.0,-0.5,False,1
848,211.377,-0.0016,0.0,0.0,0.0,0.0,0.0,MANUAL,0.0,-0.5,False,1
849,211.611,-0.0016,0.0,0.0,0.0,0.0,0.0,MANUAL,0.0,-0.5,False,1
850,211.821,-0.0016,0.0,0.0,0.0,0.0,0.0,MANUAL,0.0,-0.5,False,1
851,212.05,-0.0016,0.0,0.0,0.0,0.0,0.0,MANUAL,0.0,-0.5,False,1
852,212.257,-0.0016,0.0,0.0,0.0,0.0,0.0,MANUAL,0.0,-0.5,False,1
853,212.547,-0.0016,0.0,0.0,0.0,0.0,0.0,MANUAL,0.0,-0.5,False,1
854,212.844,-0.0016,0.0,0.0,0.0,0.0,0.0,MANUAL,0.0,-0.5,False,1
855,213.086,-0.0016,0.0,0.0,0.0,0.0,0.0,MANUAL,0.0,-0.5,False,1
856,213.384,-0.0016,0.0,0.0,0.0,0.0,0.0,MANUAL,0.0,-0.5,False,1
857,213.625,-0.0016,0.0,0.0,0.0,0.0,0.0,MANUAL,0.0,-0.5,False,1
858,213.929,-0.0016,0.0,0.0,0.0,0.0,0.0,MANUAL,0.0,-0.5,False,1
859,214.196,-0.0016,0.0,0.0,0.0,0.0,0.0,MANUAL,0.0,-0.5,False,1
860,214.525,-0.0016,0.0,0.0,0.0,0.0,0.0,MANUAL,0.0,-0.5,False,1
861,214.775,-0.0016,0.0,0.0,0.0,0.0,0.0,MANUAL,0.0,-0.5,False,1
862,215.057,-0.0016,0.0,0.0,0.0,0.0,0.0,MANUAL,0.0,-0.5,False,1
863,215.304,-0.0016,0.0,0.0,0.0,0.0,0.0,MANUAL,0.0,-0.5,False,1
864,215.47,-0.0016,0.0,0.0,0.0,0.0,0.0,MANUAL,0.0,-0.5,False,1
865,215.672,-0.0016,0.0,0.0,0.0,0.0,0.0,MANUAL,0.0,-0.5,False,1
866,215.904,-0.0016,0.0,0.0,0.0,0.0,0.0,MANUAL,0.0,-0.5,False,1
867,216.162,-0.0016,0.0,0.0,0.0,0.0,0.0,MANUAL,0.0,-0.5,False,1
868,216.402,-0.0016,0.0,0.0,0.0,0.0,0.0,MANUAL,0.0,-0.5,False,1
869,216.651,-0.0016,0.0,0.0,0.0,0.0,0.0,MANUAL,0.0,-0.5,False,1
870,216.866,-0.0016,0.0,0.0,0.0,0.0,0.0,MANUAL,0.0,-0.5,False,1
871,217.12,-0.0016,0.0,0.0,0.0,0.0,0.0,MANUAL,0.0,-0.5,False,1
872,217.41,-0.0016,0.0,0.0,0.0,0.0,0.0,MANUAL,0.0,-0.5,False,1
873,217.718,-0.0016,0.0,0.0,0.0,0.0,0.0,MANUAL,0.0,-0.5,False,1
874,217.963,-0.0016,0.0,0.0,0.0,0.0,0.0,MANUAL,0.0,-0.5,False,1
875,218.095,-0.0016,0.0,0.0,0.0,0.0,0.0,MANUAL,0.0,-0.5,False,1
876,218.359,-0.0016,0.0,0.0,0.0,0.0,0.0,MANUAL,0.0,-0.5,False,1
877,218.651,-0.0016,0.0,0.0,0.0,0.0,0.0,MANUAL,0.0,-0.5,False,1
878,218.924,-0.0016,0.0,0.0,0.0,0.0,0.0,MANUAL,0.0,-0.5,False,1
879,219.216,-0.0016,0.0,0.0,0.0,0.0,0.0,MANUAL,0.0,-0.5,False,1
880,219.558,-0.0016,0.0,0.0,0.0,0.0,0.0,MANUAL,0.0,-0.5,False,1
881,219.942,-0.0016,0.0,0.0,0.0,0.0,0.0,MANUAL,0.0,-0.5,False,1
882,220.276,-0.0016,0.0,0.0,0.0,0.0,0.0,MANUAL,0.0,-0.5,False,1
883,220.595,-0.0016,0.0,0.0,0.0,0.0,0.0,MANUAL,0.0,-0.5,False,1
884,220.888,-0.0016,0.0,0.0,0.0,0.0,0.0,MANUAL,0.0,-0.5,False,1
885,221.097,-0.0016,0.0,0.0,0.0,0.0,0.0,MANUAL,0.0,-0.5,False,1
886,221.349,-0.0016,0.0,0.0,0.0,0.0,0.0,MANUAL,0.0,-0.5,False,1
887,221.624,-0.0016,0.0,0.0,0.0,0.0,0.0,MANUAL,0.0,-0.5,False,1
888,221.907,-0.0016,0.0,0.0,0.0,0.0,0.0,MANUAL,0.0,-0.5,False,1
889,222.144,-0.0016,0.0,0.0,0.0,0.0,0.0,MANUAL,0.0,-0.5,False,1
890,222.389,-0.0016,0.0,0.0,0.0,0.0,0.0,MANUAL,0.0,-0.5,False,1
891,222.634,-0.0016,0.0,0.0,0.0,0.0,0.0,MANUAL,0.0,-0.5,False,1
892,222.964,-0.0016,0.0,0.0,0.0,0.0,0.0,MANUAL,0.0,-0.5,False,1
893,223.206,-0.0016,0.0,0.0,0.0,0.0,0.0,MANUAL,0.0,-0.5,False,1
894,223.591,-0.0016,0.0,0.0,0.0,0.0,0.0,MANUAL,0.0,-0.5,False,1
895,223.929,-0.0016,0.0,0.0,0.0,0.0,0.0,MANUAL,0.0,-0.5,False,1
896,224.182,-0.0016,0.0,0.001,0.0,0.0,0.0,MANUAL,0.0,-0.5,False,1
897,224.405,-0.0016,0.0,0.0,0.0,0.0,0.0,MANUAL,0.0,-0.5,False,1
898,224.651,-0.0016,0.0,0.0,0.0,0.0,0.0,MANUAL,0.0,-0.5,False,1
899,224.872,-0.0016,0.0,0.0,0.0,0.0,0.0,MANUAL,0.0,-0.5,False,1
900,225.115,-0.0016,0.0,0.0,0.0,0.0,0.0,MANUAL,0.0,-0.5,False,1
901,225.383,-0.0016,0.0,0.0,0.0,0.0,0.0,MANUAL,0.0,-0.5,False,1
902,225.729,-0.0016,0.0,0.0,0.0,0.0,0.0,MANUAL,0.0,-0.5,False,1
903,226.038,-0.0016,0.0,0.001,0.0,0.0,0.0,MANUAL,0.0,-0.5,False,1
904,226.233,-0.0016,0.0,0.0,0.0,0.0,0.0,MANUAL,0.0,-0.5,False,1
905,226.441,-0.0016,0.0,0.0,0.0,0.0,0.0,MANUAL,0.0,-0.5,False,1
906,226.654,-0.0016,0.0,0.0,0.0,0.0,0.0,MANUAL,0.0,-0.5,False,1
907,226.86,-0.0016,0.0,0.0,0.0,0.0,0.0,MANUAL,0.0,-0.5,False,1
908,227.07,-0.0016,0.0,0.0,0.0,0.0,0.0,MANUAL,0.0,-0.5,False,1
909,227.247,-0.0016,0.0,0.0,0.0,0.0,0.0,MANUAL,0.0,-0.5,False,1
910,227.435,-0.0016,0.0,0.001,0.0,0.0,0.0,MANUAL,0.0,-0.5,False,1
911,227.641,-0.0016,0.0,0.0,0.0,0.0,0.0,MANUAL,0.0,-0.5,False,1
912,227.858,-0.0016,0.0,0.0,0.0,0.0,0.0,MANUAL,0.0,-0.5,False,1
913,228.062,-0.0016,0.0,0.0,0.0,0.0,0.0,MANUAL,0.0,-0.5,False,1
914,228.274,-0.0016,0.0,0.0,0.0,0.0,0.0,MANUAL,0.0,-0.5,False,1
915,228.466,-0.0016,0.0,0.0,0.0,0.0,0.0,MANUAL,0.0,-0.5,False,1
916,228.722,-0.0016,0.0,0.0,0.0,0.0,0.0,MANUAL,0.0,-0.5,False,1
917,228.978,-0.0016,0.0,0.0,0.0,0.0,0.0,MANUAL,0.0,-0.5,False,1
918,229.219,-0.0016,0.0,0.0,0.0,0.0,0.0,MANUAL,0.0,-0.5,False,1
919,229.524,-0.0016,0.0,0.0,0.0,0.0,0.0,MANUAL,0.0,-0.5,False,1
920,229.846,-0.0016,0.0,0.0,0.0,0.0,0.0,MANUAL,0.0,-0.5,False,1
921,230.126,-0.0016,0.0,0.0,0.0,0.0,0.0,MANUAL,0.0,-0.5,False,1
922,230.314,-0.0016,0.0,0.0,0.0,0.0,0.0,MANUAL,0.0,-0.5,False,1
923,230.489,-0.0016,0.0,0.0,0.0,0.0,0.0,MANUAL,0.0,-0.5,False,1
924,230.667,-0.0016,0.0,0.0,0.0,0.0,0.0,MANUAL,0.0,-0.5,False,1
925,230.835,-0.0016,0.0,0.0,0.0,0.0,0.0,MANUAL,0.0,-0.5,False,1
926,231.033,-0.0016,0.0,0.0,0.0,0.0,0.0,MANUAL,0.0,-0.5,False,1
927,231.245,-0.0016,0.0,0.0,0.0,0.0,0.0,MANUAL,0.0,-0.5,False,1
928,231.427,-0.0016,0.0,0.001,0.0,0.0,0.0,MANUAL,0.0,-0.5,False,1
929,231.621,-0.0016,0.0,0.0,0.0,0.0,0.0,MANUAL,0.0,-0.5,False,1
930,231.804,-0.0016,0.0,0.0,0.0,0.0,0.0,MANUAL,0.0,-0.5,False,1
931,231.978,-0.0016,0.0,0.0,0.0,0.0,0.0,MANUAL,0.0,-0.5,False,1
932,232.161,-0.0016,0.0,0.0,0.0,0.0,0.0,MANUAL,0.0,-0.5,False,1
933,232.339,-0.0016,0.0,0.0,0.0,0.0,0.0,MANUAL,0.0,-0.5,False,1
934,232.501,-0.0016,0.0,0.0,0.0,0.0,0.0,MANUAL,0.0,-0.5,False,1
935,232.678,-0.0016,0.0,0.0,0.0,0.0,0.0,MANUAL,0.0,-0.5,False,1
936,232.863,-0.0016,0.0,0.0,0.0,0.0,0.0,MANUAL,0.0,-0.5,False,1
937,233.025,-0.0016,0.0,0.0,0.0,0.0,0.0,MANUAL,0.0,-0.5,False,1
938,233.217,-0.0016,0.0,0.0,0.0,0.0,0.0,MANUAL,0.0,-0.5,False,1
939,233.481,-0.0016,0.0,0.001,0.0,0.0,0.0,MANUAL,0.0,-0.5,False,1
940,233.925,-0.0016,0.0,0.0,0.0,0.0,0.0,MANUAL,0.0,-0.5,False,1
941,234.255,-0.0016,0.0,0.0,0.0,0.0,0.0,MANUAL,0.0,-0.5,False,1
942,234.505,-0.0016,0.0,0.0,0.0,0.0,0.0,MANUAL,0.0,-0.5,False,1
943,234.724,-0.0016,0.0,0.001,0.0,0.0,0.0,MANUAL,0.0,-0.5,False,1
944,234.918,-0.0016,0.0,0.0,0.0,0.0,0.0,MANUAL,0.0,-0.5,False,1
945,235.103,-0.0016,0.0,0.0,0.0,0.0,0.0,MANUAL,0.0,-0.5,False,1
946,235.28,-0.0016,0.0,0.0,0.0,0.0,0.0,MANUAL,0.0,-0.5,False,1
947,235.453,-0.0016,0.0,0.0,0.0,0.0,0.0,MANUAL,0.0,-0.5,False,1
948,235.605,-0.0016,0.0,0.0,0.0,0.0,0.0,MANUAL,0.0,-0.5,False,1
949,235.786,-0.0016,0.0,0.0,0.0,0.0,0.0,MANUAL,0.0,-0.5,False,1
950,235.954,-0.0016,0.0,0.0,0.0,0.0,0.0,MANUAL,0.0,-0.5,False,1
951,236.12,-0.0016,0.0,0.0,0.0,0.0,0.0,MANUAL,0.0,-0.5,False,1
952,236.304,-0.0016,0.0,0.0,0.0,0.0,0.0,MANUAL,0.0,-0.5,False,1
953,236.486,-0.0016,0.0,0.0,0.0,0.0,0.0,MANUAL,0.0,-0.5,False,1
954,236.66,-0.0016,0.0,0.0,0.0,0.0,0.0,MANUAL,0.0,-0.5,False,1
955,236.824,-0.0016,0.0,0.0,0.0,0.0,0.0,MANUAL,0.0,-0.5,False,1
956,237.024,-0.0016,0.0,0.0,0.0,0.0,0.0,MANUAL,0.0,-0.5,False,1
957,237.213,-0.0016,0.0,0.0,0.0,0.0,0.0,MANUAL,0.0,-0.5,False,1
958,237.384,-0.0016,0.0,0.0,0.0,0.0,0.0,MANUAL,0.0,-0.5,False,1
959,237.564,-0.0016,0.0,0.0,0.0,0.0,0.0,MANUAL,0.0,-0.5,False,1
960,237.738,-0.0016,0.0,0.0,0.0,0.0,0.0,MANUAL,0.0,-0.5,False,1
961,237.912,-0.0016,0.0,0.0,0.0,0.0,0.0,MANUAL,0.0,-0.5,False,1
962,238.073,-0.0016,0.0,0.0,0.0,0.0,0.0,MANUAL,0.0,-0.5,False,1
963,238.236,-0.0016,0.0,0.0,0.0,0.0,0.0,MANUAL,0.0,-0.5,False,1
964,238.417,-0.0016,0.0,0.0,0.0,0.0,0.0,MANUAL,0.0,-0.5,False,1
965,238.613,-0.0016,0.0,0.0,0.0,0.0,0.0,MANUAL,0.0,-0.5,False,1
966,238.782,-0.0016,0.0,0.0,0.0,0.0,0.0,MANUAL,0.0,-0.5,False,1
967,238.971,-0.0016,0.0,0.0,0.0,0.0,0.0,MANUAL,0.0,-0.5,False,1
968,239.125,-0.0016,0.0,0.0,0.0,0.0,0.0,MANUAL,0.0,-0.5,False,1
969,239.282,-0.0016,0.0,0.0,0.0,0.0,0.0,MANUAL,0.0,-0.5,False,1
970,239.464,-0.0016,0.0,0.0,0.0,0.0,0.0,MANUAL,0.0,-0.5,False,1
971,239.67,-0.0016,0.0,0.0,0.0,0.0,0.0,MANUAL,0.0,-0.5,False,1
972,239.867,-0.0016,0.0,0.0,0.0,0.0,0.0,MANUAL,0.0,-0.5,False,1
973,240.076,-0.0016,0.0,0.0,0.0,0.0,0.0,MANUAL,0.0,-0.5,False,1
974,240.288,-0.0016,0.0,0.0,0.0,0.0,0.0,MANUAL,0.0,-0.5,False,1
975,240.506,-0.0016,0.0,0.0,0.0,0.0,0.0,MANUAL,0.0,-0.5,False,1
976,240.721,-0.0016,0.0,0.0,0.0,0.0,0.0,MANUAL,0.0,-0.5,False,1
977,240.945,-0.0016,0.0,0.0,0.0,0.0,0.0,MANUAL,0.0,-0.5,False,1
978,241.146,-0.0016,0.0,0.0,0.0,0.0,0.0,MANUAL,0.0,-0.5,False,1
979,241.363,-0.0016,0.0,0.0,0.0,0.0,0.0,MANUAL,0.0,-0.5,False,1
980,241.56,-0.0016,0.0,0.0,0.0,0.0,0.0,MANUAL,0.0,-0.5,False,1
981,241.775,-0.0016,0.0,0.0,0.0,0.0,0.0,MANUAL,0.0,-0.5,False,1
982,241.989,-0.0016,0.0,0.0,0.0,0.0,0.0,MANUAL,0.0,-0.5,False,1
983,242.202,-0.0016,0.0,0.0,0.0,0.0,0.0,MANUAL,0.0,-0.5,False,1
984,242.414,-0.0016,0.0,0.0,0.0,0.0,0.0,MANUAL,0.0,-0.5,False,1
985,242.631,-0.0016,0.0,0.0,0.0,0.0,0.0,MANUAL,0.0,-0.5,False,1
986,242.84,-0.0016,0.0,0.0,0.0,0.0,0.0,MANUAL,0.0,-0.5,False,1
987,243.062,-0.0016,0.0,0.001,0.0,0.0,0.0,MANUAL,0.0,-0.5,False,1
988,243.299,-0.0016,0.0,0.0,0.0,0.0,0.0,MANUAL,0.0,-0.5,False,1
989,243.502,-0.0016,0.0,0.0,0.0,0.0,0.0,MANUAL,0.0,-0.5,False,1
990,243.718,-0.0016,0.0,0.0,0.0,0.0,0.0,MANUAL,0.0,-0.5,False,1
991,243.941,-0.0016,0.0,0.0,0.0,0.0,0.0,MANUAL,0.0,-0.5,False,1
992,244.159,-0.0016,0.0,0.0,0.0,0.0,0.0,MANUAL,0.0,-0.5,False,1
993,244.406,-0.0016,0.0,0.0,0.0,0.0,0.0,MANUAL,0.0,-0.5,False,1
994,244.698,-0.0016,0.0,0.0,0.0,0.0,0.0,MANUAL,0.0,-0.5,False,1
995,245.002,-0.0016,0.0,0.0,0.0,0.0,0.0,MANUAL,0.0,-0.5,False,1
996,245.27,-0.0016,0.0,0.0,0.0,0.0,0.0,MANUAL,0.0,-0.5,False,1
997,245.616,-0.0016,0.0,0.0,0.0,0.0,0.0,MANUAL,0.0,-0.5,False,1
998,245.904,-0.0016,0.0,0.0,0.0,0.0,0.0,MANUAL,0.0,-0.5,False,1
999,246.099,-0.0016,0.0,0.0,0.0,0.0,0.0,MANUAL,0.0,-0.5,False,1
1000,246.337,-0.0016,0.0,0.001,0.0,0.0,0.0,MANUAL,0.0,-0.5,False,1
1001,246.559,-0.0016,0.0,0.0,0.0,0.0,0.0,MANUAL,0.0,-0.5,False,1
1002,246.774,-0.0016,0.0,0.0,0.0,0.0,0.0,MANUAL,0.0,-0.5,False,1
1003,246.989,-0.0016,0.0,0.0,0.0,0.0,0.0,MANUAL,0.0,-0.5,False,1
1004,247.178,-0.0016,0.0,0.0,0.0,0.0,0.0,MANUAL,0.0,-0.5,False,1
1005,247.449,-0.0016,0.0,0.0,0.0,0.0,0.0,MANUAL,0.0,-0.5,False,1
1006,247.694,-0.0016,0.0,0.0,0.0,0.0,0.0,MANUAL,0.0,-0.5,False,1
1007,247.916,-0.0016,0.0,0.0,0.0,0.0,0.0,MANUAL,0.0,-0.5,False,1
1008,248.117,-0.0016,0.0,0.0,0.0,0.0,0.0,MANUAL,0.0,-0.5,False,1
1009,248.298,-0.0016,0.0,0.0,0.0,0.0,0.0,MANUAL,0.0,-0.5,False,1
1010,248.499,-0.0016,0.0,0.0,0.0,0.0,0.0,MANUAL,0.0,-0.5,False,1
1011,248.798,-0.0016,0.0,0.0,0.0,0.0,0.0,MANUAL,0.0,-0.5,False,1
1012,249.013,-0.0016,0.0,0.0,0.0,0.0,0.0,MANUAL,0.0,-0.5,False,1
1013,249.221,-0.0016,0.0,0.0,0.0,0.0,0.0,MANUAL,0.0,-0.5,False,1
1014,249.507,-0.0016,0.0,0.0,0.0,0.0,0.0,MANUAL,0.0,-0.5,False,1
1015,249.919,-0.0016,0.0,0.0,0.0,0.0,0.0,MANUAL,0.0,-0.5,False,1
1016,250.358,-0.0016,0.0,0.0,0.0,0.0,0.0,MANUAL,0.0,-0.5,False,1
1017,250.684,-0.0016,0.0,0.0,0.0,0.0,0.0,MANUAL,0.0,-0.5,False,1
1018,250.955,-0.0016,0.0,0.0,0.0,0.0,0.0,MANUAL,0.0,-0.5,False,1
1019,251.182,-0.0016,0.0,0.0,0.0,0.0,0.0,MANUAL,0.0,-0.5,False,1
1020,251.504,-0.0016,0.0,0.0,0.0,0.0,0.0,MANUAL,0.0,-0.5,False,1
1021,251.737,-0.0016,0.0,0.0,0.0,0.0,0.0,MANUAL,0.0,-0.5,False,1
1022,252.021,-0.0016,0.0,0.0,0.0,0.0,0.0,MANUAL,0.0,-0.5,False,1
1023,252.247,-0.0016,0.0,0.0,0.0,0.0,0.0,MANUAL,0.0,-0.5,False,1
1024,252.498,-0.0016,0.0,0.0,0.0,0.0,0.0,MANUAL,0.0,-0.5,False,1
1025,252.768,-0.0016,0.0,0.0,0.0,0.0,0.0,MANUAL,0.0,-0.5,False,1
1026,253.102,-0.0016,0.0,0.0,0.0,0.0,0.0,MANUAL,0.0,-0.5,False,1
1027,253.381,-0.0016,0.0,0.0,0.0,0.0,0.0,MANUAL,0.0,-0.5,False,1
1028,253.645,-0.0016,-0.0,0.0,0.0,0.0,0.0,MANUAL,0.0,-0.5,False,1
1029,253.855,-0.0016,-0.0,0.0,0.0,0.0,0.0,MANUAL,0.0,-0.5,False,1
1030,254.107,-0.0016,-0.0,0.0,0.0,0.0,0.0,MANUAL,0.0,-0.5,False,1
1031,254.344,-0.0016,0.0,0.0,0.0,0.0,0.0,MANUAL,0.0,-0.5,False,1
1032,254.559,-0.0016,0.0,0.0,0.0,0.0,0.0,MANUAL,0.0,-0.5,False,1
1033,254.789,-0.0016,0.0,0.0,0.0,0.0,0.0,MANUAL,0.0,-0.5,False,1
1034,255.021,-0.0016,0.0,0.0,0.0,0.0,0.0,MANUAL,0.0,-0.5,False,1
1035,255.233,-0.0016,0.0,0.0,0.0,0.0,0.0,MANUAL,0.0,-0.5,False,1
1036,255.431,-0.0016,0.0,0.0,0.0,0.0,0.0,MANUAL,0.0,-0.5,False,1
1037,255.636,-0.0016,0.0,0.0,0.0,0.0,0.0,MANUAL,0.0,-0.5,False,1
1038,255.844,-0.0016,0.0,0.0,0.0,0.0,0.0,MANUAL,0.0,-0.5,False,1
1039,256.096,-0.0016,0.0,0.0,0.0,0.0,0.0,MANUAL,0.0,-0.5,False,1
1040,256.326,-0.0016,0.0,0.0,0.0,0.0,0.0,MANUAL,0.0,-0.5,False,1
1041,256.509,-0.0016,0.0,0.0,0.0,0.0,0.0,MANUAL,0.0,-0.5,False,1
1042,256.708,-0.0016,0.0,0.0,0.0,0.0,0.0,MANUAL,0.0,-0.5,False,1
1043,256.904,-0.0016,0.0,0.0,0.0,0.0,0.0,MANUAL,0.0,-0.5,False,1
1044,257.018,-0.0016,0.0,0.0,0.0,0.0,0.0,MANUAL,0.0,-0.5,False,1
1045,257.294,-0.0016,0.0,0.0,0.0,0.0,0.0,MANUAL,0.0,-0.5,False,1
1046,257.524,-0.0016,0.0,0.0,0.0,0.0,0.0,MANUAL,0.0,-0.5,False,1
1047,257.785,-0.0016,0.0,0.0,0.0,0.0,0.0,MANUAL,0.0,-0.5,False,1
1048,258.1,-0.0016,0.0,0.0,0.0,0.0,0.0,MANUAL,0.0,-0.5,False,1
1049,258.369,-0.0016,0.0,0.0,0.0,0.0,0.0,MANUAL,0.0,-0.5,False,1
1050,258.557,-0.0016,0.0,0.0,0.0,0.0,0.0,MANUAL,0.0,-0.5,False,1
1051,258.731,-0.0016,0.0,0.0,0.0,0.0,0.0,MANUAL,0.0,-0.5,False,1
1052,258.911,-0.0016,0.0,0.0,0.0,0.0,0.0,MANUAL,0.0,-0.5,False,1
1053,259.104,-0.0016,0.0,0.0,0.0,0.0,0.0,MANUAL,0.0,-0.5,False,1
1054,259.321,-0.0016,0.0,0.0,0.0,0.0,0.0,MANUAL,0.0,-0.5,False,1
1055,259.54,-0.0016,0.0,0.0,0.0,0.0,0.0,MANUAL,0.0,-0.5,False,1
1056,259.719,-0.0016,0.0,0.0,0.0,0.0,0.0,MANUAL,0.0,-0.5,False,1
1057,259.922,-0.0016,0.0,0.0,0.0,0.0,0.0,MANUAL,0.0,-0.5,False,1
1058,260.096,-0.0016,0.0,0.0,0.0,0.0,0.0,MANUAL,0.0,-0.5,False,1
1059,260.291,-0.0016,0.0,0.0,0.0,0.0,0.0,MANUAL,0.0,-0.5,False,1
1060,260.53,-0.0016,0.0,0.0,0.0,0.0,0.0,MANUAL,0.0,-0.5,False,1
1061,260.785,-0.0016,0.0,0.0,0.0,0.0,0.0,MANUAL,0.0,-0.5,False,1
1062,261.159,-0.0016,0.0,0.0,0.0,0.0,0.0,MANUAL,0.0,-0.5,False,1
1063,261.474,-0.0016,0.0,0.0,0.0,0.0,0.0,MANUAL,0.0,-0.5,False,1
1064,261.703,-0.0016,0.0,0.0,0.0,0.0,0.0,MANUAL,0.0,-0.5,False,1
1065,261.955,-0.0016,0.0,0.0,0.0,0.0,0.0,MANUAL,0.0,-0.5,False,1
1066,262.268,-0.0016,0.0,0.0,0.0,0.0,0.0,MANUAL,0.0,-0.5,False,1
1067,262.785,-0.0016,0.0,0.0,0.0,0.0,0.0,MANUAL,0.0,-0.5,False,1
1068,263.101,-0.0016,0.0,0.0,0.0,0.0,0.0,MANUAL,0.0,-0.5,False,1
1069,263.387,-0.0016,0.0,0.0,0.0,0.0,0.0,MANUAL,0.0,-0.5,False,1
1070,263.686,-0.0016,0.0,0.0,0.0,0.0,0.0,MANUAL,0.0,-0.5,False,1
1071,263.947,-0.0016,0.0,0.0,0.0,0.0,0.0,MANUAL,0.0,-0.5,False,1
1072,264.17,-0.0016,0.0,0.0,0.0,0.0,0.0,MANUAL,0.0,-0.5,False,1
1073,264.426,-0.0016,0.0,0.0,0.0,0.0,0.0,MANUAL,0.0,-0.5,False,1
1074,264.654,-0.0016,0.0,0.0,0.0,0.0,0.0,MANUAL,0.0,-0.5,False,1
1075,264.92,-0.0016,0.0,0.0,0.0,0.0,0.0,MANUAL,0.0,-0.5,False,1
1076,265.186,-0.0016,0.0,0.0,0.0,0.0,0.0,MANUAL,0.0,-0.5,False,1
1077,265.465,-0.0016,0.0,0.0,0.0,0.0,0.0,MANUAL,0.0,-0.5,False,1
1078,265.778,-0.0016,0.0,0.0,0.0,0.0,0.0,MANUAL,0.0,-0.5,False,1
1079,266.052,-0.0016,0.0,0.0,0.0,0.0,0.0,MANUAL,0.0,-0.5,False,1
1080,266.336,-0.0016,0.0,0.0,0.0,0.0,0.0,MANUAL,0.0,-0.5,False,1
1081,266.605,-0.0016,0.0,0.0,0.0,0.0,0.0,MANUAL,0.0,-0.5,False,1
1082,266.888,-0.0016,0.0,0.0,0.0,0.0,0.0,MANUAL,0.0,-0.5,False,1
1083,267.13,-0.0016,0.0,0.0,0.0,0.0,0.0,MANUAL,0.0,-0.5,False,1
1084,267.386,-0.0016,0.0,0.0,0.0,0.0,0.0,MANUAL,0.0,-0.5,False,1
1085,267.666,-0.0016,0.0,0.0,0.0,0.0,0.0,MANUAL,0.0,-0.5,False,1
1086,267.882,-0.0016,0.0,0.0,0.0,0.0,0.0,MANUAL,0.0,-0.5,False,1
1087,268.119,-0.0016,0.0,0.0,0.0,0.0,0.0,MANUAL,0.0,-0.5,False,1
1088,268.392,-0.0016,0.0,0.0,0.0,0.0,0.0,MANUAL,0.0,-0.5,False,1
1089,268.706,-0.0016,0.0,0.0,0.0,0.0,0.0,MANUAL,0.0,-0.5,False,1
1090,268.941,-0.0016,0.0,0.0,0.0,0.0,0.0,MANUAL,0.0,-0.5,False,1
1091,269.165,-0.0016,0.0,0.0,0.0,0.0,0.0,MANUAL,0.0,-0.5,False,1
1092,269.364,-0.0016,0.0,0.0,0.0,0.0,0.0,MANUAL,0.0,-0.5,False,1
1093,269.605,-0.0016,0.0,0.0,0.0,0.0,0.0,MANUAL,0.0,-0.5,False,1
1094,269.845,-0.0016,0.0,0.0,0.0,0.0,0.0,MANUAL,0.0,-0.5,False,1
1095,270.109,-0.0016,0.0,0.0,0.0,0.0,0.0,MANUAL,0.0,-0.5,False,1
1096,270.323,-0.0016,0.0,0.0,0.0,0.0,0.0,MANUAL,0.0,-0.5,False,1
1097,270.526,-0.0016,0.0,0.0,0.0,0.0,0.0,MANUAL,0.0,-0.5,False,1
1098,270.804,-0.0016,0.0,0.0,0.0,0.0,0.0,MANUAL,0.0,-0.5,False,1
1099,271.143,-0.0016,0.0,0.0,0.0,0.0,0.0,MANUAL,0.0,-0.5,False,1
1100,271.543,-0.0016,0.0,0.0,0.0,0.0,0.0,MANUAL,0.0,-0.5,False,1
1101,271.913,-0.0016,0.0,0.0,0.0,0.0,0.0,MANUAL,0.0,-0.5,False,1
1102,272.164,-0.0016,0.0,0.0,0.0,0.0,0.0,MANUAL,0.0,-0.5,False,1
1103,272.419,-0.0016,0.0,0.0,0.0,0.0,0.0,MANUAL,0.0,-0.5,False,1
1104,272.71,-0.0016,0.0,0.0,0.0,0.0,0.0,MANUAL,0.0,-0.5,False,1
1105,273.006,-0.0016,0.0,0.0,0.0,0.0,0.0,MANUAL,0.0,-0.5,False,1
1106,273.332,-0.0016,0.0,0.0,0.0,0.0,0.0,MANUAL,0.0,-0.5,False,1
1107,273.685,-0.0016,0.0,0.0,0.0,0.0,0.0,MANUAL,0.0,-0.5,False,1
1108,274.04,-0.0016,0.0,0.0,0.0,0.0,0.0,MANUAL,0.0,-0.5,False,1
1109,274.36,-0.0016,0.0,0.0,0.0,0.0,0.0,MANUAL,0.0,-0.5,False,1
1110,274.59,-0.0016,0.0,0.0,0.0,0.0,0.0,MANUAL,0.0,-0.5,False,1
1111,274.818,-0.0016,0.0,0.0,0.0,0.0,0.0,MANUAL,0.0,-0.5,False,1
1112,275.018,-0.0016,0.0,0.0,0.0,0.0,0.0,MANUAL,0.0,-0.5,False,1
1113,275.238,-0.0016,0.0,0.0,0.0,0.0,0.0,MANUAL,0.0,-0.5,False,1
1114,275.44,-0.0016,0.0,0.0,0.0,0.0,0.0,MANUAL,0.0,-0.5,False,1
1115,275.674,-0.0016,0.0,0.0,0.0,0.0,0.0,MANUAL,0.0,-0.5,False,1
1116,275.867,-0.0016,0.0,0.0,0.0,0.0,0.0,MANUAL,0.0,-0.5,False,1
1117,276.042,-0.0016,0.0,0.0,0.0,0.0,0.0,MANUAL,0.0,-0.5,False,1
1118,276.234,-0.0016,0.0,0.0,0.0,0.0,0.0,MANUAL,0.0,-0.5,False,1
1119,276.427,-0.0016,0.0,0.0,0.0,0.0,0.0,MANUAL,0.0,-0.5,False,1
1120,276.603,-0.0016,0.0,0.0,0.0,0.0,0.0,MANUAL,0.0,-0.5,False,1
1121,276.782,-0.0016,0.0,0.0,0.0,0.0,0.0,MANUAL,0.0,-0.5,False,1
1122,276.947,-0.0016,0.0,0.0,0.0,0.0,0.0,MANUAL,0.0,-0.5,False,1
1123,277.137,-0.0016,0.0,0.0,0.0,0.0,0.0,MANUAL,0.0,-0.5,False,1
1124,277.306,-0.0016,0.0,0.0,0.0,0.0,0.0,MANUAL,0.0,-0.5,False,1
1125,277.455,-0.0016,0.0,0.0,0.0,0.0,0.0,MANUAL,0.0,-0.5,False,1
1126,277.595,-0.0016,0.0,0.0,0.0,0.0,0.0,MANUAL,0.0,-0.5,False,1
1127,277.777,-0.0016,0.0,0.0,0.0,0.0,0.0,MANUAL,0.0,-0.5,False,1
1128,277.955,-0.0016,0.0,0.0,0.0,0.0,0.0,MANUAL,0.0,-0.5,False,1
1129,278.163,-0.0016,0.0,0.0,0.0,0.0,0.0,MANUAL,0.0,-0.5,False,1
1130,278.358,-0.0016,0.0,0.0,0.0,0.0,0.0,MANUAL,0.0,-0.5,False,1
1131,278.588,-0.0016,0.0,0.0,0.0,0.0,0.0,MANUAL,0.0,-0.5,False,1
1132,278.811,-0.0016,0.0,0.0,0.0,0.0,0.0,MANUAL,0.0,-0.5,False,1
1133,279.019,-0.0016,0.0,0.0,0.0,0.0,0.0,MANUAL,0.0,-0.5,False,1
1134,279.276,-0.0016,0.0,0.0,0.0,0.0,0.0,MANUAL,0.0,-0.5,False,1
1135,279.492,-0.0016,0.0,0.0,0.0,0.0,0.0,MANUAL,0.0,-0.5,False,1
1136,279.697,-0.0016,0.0,0.0,0.0,0.0,0.0,MANUAL,0.0,-0.5,False,1
1137,279.893,-0.0016,0.0,0.0,0.0,0.0,0.0,MANUAL,0.0,-0.5,False,1
1138,280.091,-0.0016,0.0,0.0,0.0,0.0,0.0,MANUAL,0.0,-0.5,False,1
1139,280.288,-0.0016,0.0,0.0,0.0,0.0,0.0,MANUAL,0.0,-0.5,False,1
1140,280.504,-0.0016,0.0,0.001,0.0,0.0,0.0,MANUAL,0.0,-0.5,False,1
1141,280.724,-0.0016,0.0,0.0,0.0,0.0,0.0,MANUAL,0.0,-0.5,False,1
1142,280.914,-0.0016,0.0,0.0,0.0,0.0,0.0,MANUAL,0.0,-0.5,False,1
1143,281.083,-0.0016,0.0,0.0,0.0,0.0,0.0,MANUAL,0.0,-0.5,False,1
1144,281.279,-0.0016,0.0,0.0,0.0,0.0,0.0,MANUAL,0.0,-0.5,False,1
1145,281.48,-0.0016,0.0,0.0,0.0,0.0,0.0,MANUAL,0.0,-0.5,False,1
1146,281.662,-0.0016,0.0,0.0,0.0,0.0,0.0,MANUAL,0.0,-0.5,False,1
1147,281.908,-0.0016,0.0,0.0,0.0,0.0,0.0,MANUAL,0.0,-0.5,False,1
1148,282.121,-0.0016,0.0,0.0,0.0,0.0,0.0,MANUAL,0.0,-0.5,False,1
1149,282.347,-0.0016,0.0,0.0,0.0,0.0,0.0,MANUAL,0.0,-0.5,False,1
1150,282.549,-0.0016,0.0,0.0,0.0,0.0,0.0,MANUAL,0.0,-0.5,False,1
1151,282.777,-0.0016,0.0,0.0,0.0,0.0,0.0,MANUAL,0.0,-0.5,False,1
1152,283.0,-0.0016,0.0,0.0,0.0,0.0,0.0,MANUAL,0.0,-0.5,False,1
1153,283.244,-0.0016,0.0,0.0,0.0,0.0,0.0,MANUAL,0.0,-0.5,False,1
1154,283.644,-0.0016,0.0,0.0,0.0,0.0,0.0,MANUAL,0.0,-0.5,False,1
1155,284.131,-0.0016,0.0,0.0,0.0,0.0,0.0,MANUAL,0.0,-0.5,False,1
1156,284.477,-0.0016,0.0,0.0,0.0,0.0,0.0,MANUAL,0.0,-0.5,False,1
1157,284.75,-0.0016,0.0,0.0,0.0,0.0,0.0,MANUAL,0.0,-0.5,False,1
1158,285.036,-0.0016,0.0,0.0,0.0,0.0,0.0,MANUAL,0.0,-0.5,False,1
1159,285.359,-0.0016,0.0,0.0,0.0,0.0,0.0,MANUAL,0.0,-0.5,False,1
1160,285.667,-0.0016,0.0,0.0,0.0,0.0,0.0,MANUAL,0.0,-0.5,False,1
1161,285.883,-0.0016,0.0,0.0,0.0,0.0,0.0,MANUAL,0.0,-0.5,False,1
1162,286.213,-0.0016,0.0,0.0,0.0,0.0,0.0,MANUAL,0.0,-0.5,False,1
1163,286.489,-0.0016,0.0,0.0,0.0,0.0,0.0,MANUAL,0.0,-0.5,False,1
1164,286.753,-0.0016,0.0,0.0,0.0,0.0,0.0,MANUAL,0.0,-0.5,False,1
1165,287.003,-0.0016,0.0,0.0,0.0,0.0,0.0,MANUAL,0.0,-0.5,False,1
1166,287.284,-0.0016,0.0,0.0,0.0,0.0,0.0,MANUAL,0.0,-0.5,False,1
1167,287.59,-0.0016,0.0,0.0,0.0,0.0,0.0,MANUAL,0.0,-0.5,False,1
1168,287.888,-0.0016,0.0,0.0,0.0,0.0,0.0,MANUAL,0.0,-0.5,False,1
1169,288.17,-0.0016,0.0,0.0,0.0,0.0,0.0,MANUAL,0.0,-0.5,False,1
1170,288.453,-0.0016,0.0,0.0,0.0,0.0,0.0,MANUAL,0.0,-0.5,False,1
1171,288.733,-0.0016,0.0,0.0,0.0,0.0,0.0,MANUAL,0.0,-0.5,False,1
1172,289.024,-0.0016,0.0,0.0,0.0,0.0,0.0,MANUAL,0.0,-0.5,False,1
1173,289.317,-0.0016,0.0,0.001,0.0,0.0,0.0,MANUAL,0.0,-0.5,False,1
1174,289.62,-0.0016,0.0,0.001,0.0,0.0,0.0,MANUAL,0.0,-0.5,False,1
1175,289.858,-0.0016,0.0,0.001,0.0,0.0,0.0,MANUAL,0.0,-0.5,False,1
1176,290.048,-0.0016,0.0,0.0,0.0,0.0,0.0,MANUAL,0.0,-0.5,False,1
1177,290.244,-0.0016,0.0,0.0,0.0,0.0,0.0,MANUAL,0.0,-0.5,False,1
1178,290.412,-0.0016,0.0,0.0,0.0,0.0,0.0,MANUAL,0.0,-0.5,False,1
1179,290.588,-0.0016,0.0,0.0,0.0,0.0,0.0,MANUAL,0.0,-0.5,False,1
1180,290.767,-0.0016,0.0,0.0,0.0,0.0,0.0,MANUAL,0.0,-0.5,False,1
1181,290.936,-0.0016,0.0,0.0,0.0,0.0,0.0,MANUAL,0.0,-0.5,False,1
1182,291.177,-0.0016,0.0,0.001,0.0,0.0,0.0,MANUAL,0.0,-0.5,False,1
1183,291.398,-0.0016,0.0,0.0,0.0,0.0,0.0,MANUAL,0.0,-0.5,False,1
1184,291.608,-0.0016,0.0,0.0,0.0,0.0,0.0,MANUAL,0.0,-0.5,False,1
1185,291.827,-0.0016,0.0,0.0,0.0,0.0,0.0,MANUAL,0.0,-0.5,False,1
1186,292.051,-0.0016,0.0,0.0,0.0,0.0,0.0,MANUAL,0.0,-0.5,False,1
1187,292.371,-0.0016,0.0,0.0,0.0,0.0,0.0,MANUAL,0.0,-0.5,False,1
1188,292.65,-0.0016,0.0,0.0,0.0,0.0,0.0,MANUAL,0.0,-0.5,False,1
1189,292.927,-0.0016,0.0,0.0,0.0,0.0,0.0,MANUAL,0.0,-0.5,False,1
1190,293.192,-0.0016,0.0,0.0,0.0,0.0,0.0,MANUAL,0.0,-0.5,False,1
1191,293.426,-0.0016,0.0,0.0,0.0,0.0,0.0,MANUAL,0.0,-0.5,False,1
1192,293.714,-0.0016,0.0,0.0,0.0,0.0,0.0,MANUAL,0.0,-0.5,False,1
1193,293.967,-0.0016,0.0,0.0,0.0,0.0,0.0,MANUAL,0.0,-0.5,False,1
1194,294.184,-0.0016,0.0,0.0,0.0,0.0,0.0,MANUAL,0.0,-0.5,False,1
1195,294.393,-0.0016,0.0,0.0,0.0,0.0,0.0,MANUAL,0.0,-0.5,False,1
1196,294.579,-0.0016,0.0,0.0,0.0,0.0,0.0,MANUAL,0.0,-0.5,False,1
1197,294.75,-0.0016,0.0,0.0,0.0,0.0,0.0,MANUAL,0.0,-0.5,False,1
1198,294.942,-0.0016,0.0,0.0,0.0,0.0,0.0,MANUAL,0.0,-0.5,False,1
1199,295.155,-0.0016,0.0,0.0,0.0,0.0,0.0,MANUAL,0.0,-0.5,False,1
1200,295.483,-0.0016,0.0,0.0,0.0,0.0,0.0,MANUAL,0.0,-0.5,False,1
1201,295.741,-0.0016,0.0,0.0,0.0,0.0,0.0,MANUAL,0.0,-0.5,False,1
1202,296.033,-0.0016,0.0,0.0,0.0,0.0,0.0,MANUAL,0.0,-0.5,False,1
1203,296.339,-0.0016,0.0,0.0,0.0,0.0,0.0,MANUAL,0.0,-0.5,False,1
1204,296.608,-0.0016,0.0,0.0,0.0,0.0,0.0,MANUAL,0.0,-0.5,False,1
1205,296.915,-0.0016,0.0,0.0,0.0,0.0,0.0,MANUAL,0.0,-0.5,False,1
1206,297.198,-0.0016,0.0,0.0,0.0,0.0,0.0,MANUAL,0.0,-0.5,False,1
1207,297.551,-0.0016,0.0,0.0,0.0,0.0,0.0,MANUAL,0.0,-0.5,False,1
1208,297.821,-0.0016,0.0,0.0,0.0,0.0,0.0,MANUAL,0.0,-0.5,False,1
1209,298.054,-0.0016,0.0,0.0,0.0,0.0,0.0,MANUAL,0.0,-0.5,False,1
1210,298.351,-0.0016,0.0,0.0,0.0,0.0,0.0,MANUAL,0.0,-0.5,False,1
1211,298.589,-0.0016,0.0,0.0,0.0,0.0,0.0,MANUAL,0.0,-0.5,False,1
1212,298.822,-0.0016,0.0,0.0,0.0,0.0,0.0,MANUAL,0.0,-0.5,False,1
1213,299.128,-0.0016,0.0,0.0,0.0,0.0,0.0,MANUAL,0.0,-0.5,False,1
1214,299.358,-0.0016,0.0,0.0,0.0,0.0,0.0,MANUAL,0.0,-0.5,False,1
1215,299.643,-0.0016,0.0,0.0,0.0,0.0,0.0,MANUAL,0.0,-0.5,False,1
1216,299.892,-0.0016,0.0,0.0,0.0,0.0,0.0,MANUAL,0.0,-0.5,False,1
1217,300.141,-0.0016,0.0,0.0,0.0,0.0,0.0,MANUAL,0.0,-0.5,False,1
1218,300.343,-0.0016,0.0,0.0,0.0,0.0,0.0,MANUAL,0.0,-0.5,False,1
1219,300.559,-0.0016,0.0,0.0,0.0,0.0,0.0,MANUAL,0.0,-0.5,False,1
1220,300.829,-0.0016,0.0,0.0,0.0,0.0,0.0,MANUAL,0.0,-0.5,False,1
1221,301.05,-0.0016,0.0,0.0,0.0,0.0,0.0,MANUAL,0.0,-0.5,False,1
1222,301.258,-0.0016,0.0,0.0,0.0,0.0,0.0,MANUAL,0.0,-0.5,False,1
1223,301.467,-0.0016,0.0,0.0,0.0,0.0,0.0,MANUAL,0.0,-0.5,False,1
1224,301.76,-0.0016,0.0,0.0,0.0,0.0,0.0,MANUAL,0.0,-0.5,False,1
1225,302.046,-0.0016,0.0,0.0,0.0,0.0,0.0,MANUAL,0.0,-0.5,False,1
1226,302.289,-0.0016,0.0,0.0,0.0,0.0,0.0,MANUAL,0.0,-0.5,False,1
1227,302.502,-0.0016,0.0,0.0,0.0,0.0,0.0,MANUAL,0.0,-0.5,False,1
1228,302.718,-0.0016,0.0,0.0,0.0,0.0,0.0,MANUAL,0.0,-0.5,False,1
1229,302.961,-0.0016,0.0,0.0,0.0,0.0,0.0,MANUAL,0.0,-0.5,False,1
1230,303.208,-0.0016,0.0,0.0,0.0,0.0,0.0,MANUAL,0.0,-0.5,False,1
1231,303.42,-0.0016,0.0,0.0,0.0,0.0,0.0,MANUAL,0.0,-0.5,False,1
1232,303.684,-0.0016,0.0,0.0,0.0,0.0,0.0,MANUAL,0.0,-0.5,False,1
1233,303.98,-0.0016,0.0,0.0,0.0,0.0,0.0,MANUAL,0.0,-0.5,False,1
1234,304.231,-0.0016,0.0,0.0,0.0,0.0,0.0,MANUAL,0.0,-0.5,False,1
1235,304.532,-0.0016,0.0,0.0,0.0,0.0,0.0,MANUAL,0.0,-0.5,False,1
1236,304.782,-0.0016,0.0,0.0,0.0,0.0,0.0,MANUAL,0.0,-0.5,False,1
1237,305.046,-0.0016,0.0,0.0,0.0,0.0,0.0,MANUAL,0.0,-0.5,False,1
1238,305.275,-0.0016,0.0,0.0,0.0,0.0,0.0,MANUAL,0.0,-0.5,False,1
1239,305.485,-0.0016,0.0,0.0,0.0,0.0,0.0,MANUAL,0.0,-0.5,False,1
1240,305.715,-0.0016,0.0,0.0,0.0,0.0,0.0,MANUAL,0.0,-0.5,False,1
1241,306.014,-0.0016,0.0,0.0,0.0,0.0,0.0,MANUAL,0.0,-0.5,False,1
1242,306.287,-0.0016,0.0,0.0,0.0,0.0,0.0,MANUAL,0.0,-0.5,False,1
1243,306.58,-0.0016,0.0,0.0,0.0,0.0,0.0,MANUAL,0.0,-0.5,False,1
1244,306.877,-0.0016,0.0,0.0,0.0,0.0,0.0,MANUAL,0.0,-0.5,False,1
1245,307.148,-0.0016,0.0,0.0,0.0,0.0,0.0,MANUAL,0.0,-0.5,False,1
1246,307.401,-0.0016,0.0,0.0,0.0,0.0,0.0,MANUAL,0.0,-0.5,False,1
1247,307.633,-0.0016,0.0,0.0,0.0,0.0,0.0,MANUAL,0.0,-0.5,False,1
1248,307.893,-0.0016,0.0,0.0,0.0,0.0,0.0,MANUAL,0.0,-0.5,False,1
1249,308.151,-0.0016,0.0,0.0,0.0,0.0,0.0,MANUAL,0.0,-0.5,False,1
1250,308.308,-0.0016,0.0,0.0,0.0,0.0,0.0,MANUAL,0.0,-0.5,False,1
1251,308.458,-0.0016,0.0,0.0,0.0,0.0,0.0,MANUAL,0.0,-0.5,False,1
1252,308.664,-0.0016,0.0,0.0,0.0,0.0,0.0,MANUAL,0.0,-0.5,False,1
1253,308.992,-0.0016,0.0,0.0,0.0,0.0,0.0,MANUAL,0.0,-0.5,False,1
1254,309.353,-0.0016,0.0,0.0,0.0,0.0,0.0,MANUAL,0.0,-0.5,False,1
1255,309.628,-0.0016,0.0,0.0,0.0,0.0,0.0,MANUAL,0.0,-0.5,False,1
1256,309.895,-0.0016,0.0,0.0,0.0,0.0,0.0,MANUAL,0.0,-0.5,False,1
1257,310.149,-0.0016,0.0,0.001,0.0,0.0,0.0,MANUAL,0.0,-0.5,False,1
1258,310.403,-0.0016,0.0,0.0,0.0,0.0,0.0,MANUAL,0.0,-0.5,False,1
1259,310.664,-0.0016,0.0,0.0,0.0,0.0,0.0,MANUAL,0.0,-0.5,False,1
1260,310.995,-0.0016,0.0,0.0,0.0,0.0,0.0,MANUAL,0.0,-0.5,False,1
1261,311.291,-0.0016,0.0,0.0,0.0,0.0,0.0,MANUAL,0.0,-0.5,False,1
1262,311.553,-0.0016,0.0,0.0,0.0,0.0,0.0,MANUAL,0.0,-0.5,False,1
1263,311.791,-0.0016,0.0,0.0,0.0,0.0,0.0,MANUAL,0.0,-0.5,False,1
1264,312.034,-0.0016,0.0,0.0,0.0,0.0,0.0,MANUAL,0.0,-0.5,False,1
1265,312.31,-0.0016,0.0,0.0,0.0,0.0,0.0,MANUAL,0.0,-0.5,False,1
1266,312.575,-0.0016,0.0,0.0,0.0,0.0,0.0,MANUAL,0.0,-0.5,False,1
1267,312.84,-0.0016,0.0,0.0,0.0,0.0,0.0,MANUAL,0.0,-0.5,False,1
1268,313.059,-0.0016,0.0,0.0,0.0,0.0,0.0,MANUAL,0.0,-0.5,False,1
1269,313.284,-0.0016,0.0,0.0,0.0,0.0,0.0,MANUAL,0.0,-0.5,False,1
1270,313.462,-0.0016,0.0,0.0,0.0,0.0,0.0,MANUAL,0.0,-0.5,False,1
1271,313.647,-0.0016,0.0,0.0,0.0,0.0,0.0,MANUAL,0.0,-0.5,False,1
1272,313.81,-0.0016,0.0,0.0,0.0,0.0,0.0,MANUAL,0.0,-0.5,False,1
1273,313.992,-0.0016,0.0,0.0,0.0,0.0,0.0,MANUAL,0.0,-0.5,False,1
1274,314.199,-0.0016,0.0,0.0,0.0,0.0,0.0,MANUAL,0.0,-0.5,False,1
1275,314.367,-0.0016,0.0,0.0,0.0,0.0,0.0,MANUAL,0.0,-0.5,False,1
1276,314.568,-0.0016,0.0,0.0,0.0,0.0,0.0,MANUAL,0.0,-0.5,False,1
1277,314.777,-0.0016,0.0,0.0,0.0,0.0,0.0,MANUAL,0.0,-0.5,False,1
1278,314.982,-0.0016,0.0,0.0,0.0,0.0,0.0,MANUAL,0.0,-0.5,False,1
1279,315.187,-0.0016,0.0,0.0,0.0,0.0,0.0,MANUAL,0.0,-0.5,False,1
1280,315.398,-0.0016,0.0,0.0,0.0,0.0,0.0,MANUAL,0.0,-0.5,False,1
1281,315.604,-0.0016,0.0,0.0,0.0,0.0,0.0,MANUAL,0.0,-0.5,False,1
1282,315.822,-0.0016,0.0,0.0,0.0,0.0,0.0,MANUAL,0.0,-0.5,False,1
1283,316.016,-0.0016,0.0,0.0,0.0,0.0,0.0,MANUAL,0.0,-0.5,False,1
1284,316.186,-0.0016,-0.0,0.0,0.0,0.0,0.0,MANUAL,0.0,-0.5,False,1
1285,316.376,-0.0016,-0.0,0.0,0.0,0.0,0.0,MANUAL,0.0,-0.5,False,1
1286,316.58,-0.0016,-0.0,0.0,0.0,0.0,0.0,MANUAL,0.0,-0.5,False,1
1287,316.794,-0.0016,0.0,0.0,0.0,0.0,0.0,MANUAL,0.0,-0.5,False,1
1288,316.985,-0.0016,0.0,0.0,0.0,0.0,0.0,MANUAL,0.0,-0.5,False,1
1289,317.184,-0.0016,0.0,0.0,0.0,0.0,0.0,MANUAL,0.0,-0.5,False,1
1290,317.373,-0.0016,0.0,0.0,0.0,0.0,0.0,MANUAL,0.0,-0.5,False,1
1291,317.542,-0.0016,0.0,0.001,0.0,0.0,0.0,MANUAL,0.0,-0.5,False,1
1292,317.762,-0.0016,0.0,0.0,0.0,0.0,0.0,MANUAL,0.0,-0.5,False,1
1293,317.967,-0.0016,0.0,0.001,0.0,0.0,0.0,MANUAL,0.0,-0.5,False,1
1294,318.178,-0.0016,0.0,0.0,0.0,0.0,0.0,MANUAL,0.0,-0.5,False,1
1295,318.405,-0.0016,0.0,0.0,0.0,0.0,0.0,MANUAL,0.0,-0.5,False,1
1296,318.632,-0.0016,0.0,0.0,0.0,0.0,0.0,MANUAL,0.0,-0.5,False,1
1297,318.847,-0.0016,0.0,0.001,0.0,0.0,0.0,MANUAL,0.0,-0.5,False,1
1298,319.022,-0.0016,0.0,0.0,0.0,0.0,0.0,MANUAL,0.0,-0.5,False,1
1299,319.185,-0.0016,0.0,0.0,0.0,0.0,0.0,MANUAL,0.0,-0.5,False,1
1300,319.367,-0.0016,0.0,0.0,0.0,0.0,0.0,MANUAL,0.0,-0.5,False,1
1301,319.542,-0.0016,0.0,0.0,0.0,0.0,0.0,MANUAL,0.0,-0.5,False,1
1302,319.732,-0.0016,0.0,0.0,0.0,0.0,0.0,MANUAL,0.0,-0.5,False,1
1303,319.901,-0.0016,0.0,0.0,0.0,0.0,0.0,MANUAL,0.0,-0.5,False,1
1304,320.065,-0.0016,0.0,0.0,0.0,0.0,0.0,MANUAL,0.0,-0.5,False,1
1305,320.222,-0.0016,0.0,0.0,0.0,0.0,0.0,MANUAL,0.0,-0.5,False,1
1306,320.387,-0.0016,0.0,0.0,0.0,0.0,0.0,MANUAL,0.0,-0.5,False,1
1307,320.54,-0.0016,0.0,0.0,0.0,0.0,0.0,MANUAL,0.0,-0.5,False,1
1308,320.722,-0.0016,0.0,0.0,0.0,0.0,0.0,MANUAL,0.0,-0.5,False,1
1309,320.892,-0.0016,0.0,0.0,0.0,0.0,0.0,MANUAL,0.0,-0.5,False,1
1310,321.065,-0.0016,0.0,0.0,0.0,0.0,0.0,MANUAL,0.0,-0.5,False,1
1311,321.266,-0.0016,0.0,0.0,0.0,0.0,0.0,MANUAL,0.0,-0.5,False,1
1312,321.46,-0.0016,0.0,0.0,0.0,0.0,0.0,MANUAL,0.0,-0.5,False,1
1313,321.657,-0.0016,0.0,0.001,0.0,0.0,0.0,MANUAL,0.0,-0.5,False,1
1314,321.827,-0.0016,0.0,0.0,0.0,0.0,0.0,MANUAL,0.0,-0.5,False,1
1315,322.004,-0.0016,0.0,0.0,0.0,0.0,0.0,MANUAL,0.0,-0.5,False,1
1316,322.185,-0.0016,0.0,0.0,0.0,0.0,0.0,MANUAL,0.0,-0.5,False,1
1317,322.376,-0.0016,0.0,0.0,0.0,0.0,0.0,MANUAL,0.0,-0.5,False,1
1318,322.577,-0.0016,0.0,0.0,0.0,0.0,0.0,MANUAL,0.0,-0.5,False,1
1319,322.76,-0.0016,0.0,0.0,0.0,0.0,0.0,MANUAL,0.0,-0.5,False,1
1320,322.974,-0.0016,0.0,0.0,0.0,0.0,0.0,MANUAL,0.0,-0.5,False,1
1321,323.194,-0.0016,0.0,0.0,0.0,0.0,0.0,MANUAL,0.0,-0.5,False,1
1322,323.431,-0.0016,0.0,0.0,0.0,0.0,0.0,MANUAL,0.0,-0.5,False,1
1323,323.673,-0.0016,0.0,0.0,0.0,0.0,0.0,MANUAL,0.0,-0.5,False,1
1324,323.889,-0.0016,0.0,0.0,0.0,0.0,0.0,MANUAL,0.0,-0.5,False,1
1325,324.128,-0.0016,0.0,0.0,0.0,0.0,0.0,MANUAL,0.0,-0.5,False,1
1326,324.395,-0.0016,0.0,0.0,0.0,0.0,0.0,MANUAL,0.0,-0.5,False,1
1327,324.666,-0.0016,0.0,0.0,0.0,0.0,0.0,MANUAL,0.0,-0.5,False,1
1328,324.937,-0.0016,0.0,0.0,0.0,0.0,0.0,MANUAL,0.0,-0.5,False,1
1329,325.204,-0.0016,0.0,0.0,0.0,0.0,0.0,MANUAL,0.0,-0.5,False,1
1330,325.52,-0.0016,0.0,0.0,0.0,0.0,0.0,MANUAL,0.0,-0.5,False,1
1331,325.824,-0.0016,0.0,0.0,0.0,0.0,0.0,MANUAL,0.0,-0.5,False,1
1332,326.102,-0.0016,0.0,0.0,0.0,0.0,0.0,MANUAL,0.0,-0.5,False,1
1333,326.343,-0.0016,0.0,0.0,0.0,0.0,0.0,MANUAL,0.0,-0.5,False,1
1334,326.565,-0.0016,0.0,0.0,0.0,0.0,0.0,MANUAL,0.0,-0.5,False,1
1335,326.778,-0.0016,0.0,0.0,0.0,0.0,0.0,MANUAL,0.0,-0.5,False,1
1336,327.011,-0.0016,0.0,0.0,0.0,0.0,0.0,MANUAL,0.0,-0.5,False,1
1337,327.244,-0.0016,0.0,0.0,0.0,0.0,0.0,MANUAL,0.0,-0.5,False,1
1338,327.51,-0.0016,0.0,0.0,0.0,0.0,0.0,MANUAL,0.0,-0.5,False,1
1339,327.844,-0.0016,0.0,0.0,0.0,0.0,0.0,MANUAL,0.0,-0.5,False,1
1340,328.141,-0.0016,0.0,0.0,0.0,0.0,0.0,MANUAL,0.0,-0.5,False,1
1341,328.416,-0.0016,0.0,0.0,0.0,0.0,0.0,MANUAL,0.0,-0.5,False,1
1342,328.648,-0.0016,0.0,0.0,0.0,0.0,0.0,MANUAL,0.0,-0.5,False,1
1343,328.923,-0.0016,0.0,0.0,0.0,0.0,0.0,MANUAL,0.0,-0.5,False,1
1344,329.15,-0.0016,0.0,0.0,0.0,0.0,0.0,MANUAL,0.0,-0.5,False,1
1345,329.412,-0.0016,0.0,0.0,0.0,0.0,0.0,MANUAL,0.0,-0.5,False,1
1346,329.944,-0.0016,0.0,0.0,0.0,0.0,0.0,MANUAL,0.0,-0.5,False,1
1347,330.186,-0.0016,0.0,0.0,0.0,0.0,0.0,MANUAL,0.0,-0.5,False,1
1348,330.438,-0.0016,0.0,0.0,0.0,0.0,0.0,MANUAL,0.0,-0.5,False,1
1349,330.724,-0.0016,0.0,0.0,0.0,0.0,0.0,MANUAL,0.0,-0.5,False,1
1350,331.035,-0.0016,0.0,0.0,0.0,0.0,0.0,MANUAL,0.0,-0.5,False,1
1351,331.284,-0.0016,0.0,0.0,0.0,0.0,0.0,MANUAL,0.0,-0.5,False,1
1352,331.6,-0.0016,0.0,0.0,0.0,0.0,0.0,MANUAL,0.0,-0.5,False,1
1353,331.859,-0.0016,0.0,0.0,0.0,0.0,0.0,MANUAL,0.0,-0.5,False,1
1354,332.189,-0.0016,0.0,0.0,0.0,0.0,0.0,MANUAL,0.0,-0.5,False,1
1355,332.544,-0.0016,0.0,0.0,0.0,0.0,0.0,MANUAL,0.0,-0.5,False,1
1356,332.96,-0.0016,0.0,0.0,0.0,0.0,0.0,MANUAL,0.0,-0.5,False,1
1357,333.194,-0.0016,0.0,0.0,0.0,0.0,0.0,MANUAL,0.0,-0.5,False,1
1358,333.444,-0.0016,0.0,0.0,0.0,0.0,0.0,MANUAL,0.0,-0.5,False,1
1359,333.764,-0.0016,0.0,0.0,0.0,0.0,0.0,MANUAL,0.0,-0.5,False,1
1360,334.01,-0.0016,0.0,0.0,0.0,0.0,0.0,MANUAL,0.0,-0.5,False,1
1361,334.288,-0.0016,0.0,0.0,0.0,0.0,0.0,MANUAL,0.0,-0.5,False,1
1362,334.528,-0.0016,0.0,0.001,0.0,0.0,0.0,MANUAL,0.0,-0.5,False,1
1363,334.737,-0.0016,0.0,0.0,0.0,0.0,0.0,MANUAL,0.0,-0.5,False,1
1364,334.971,-0.0016,0.0,0.0,0.0,0.0,0.0,MANUAL,0.0,-0.5,False,1
1365,335.165,-0.0016,0.0,0.0,0.0,0.0,0.0,MANUAL,0.0,-0.5,False,1
1366,335.382,-0.0016,0.0,0.0,0.0,0.0,0.0,MANUAL,0.0,-0.5,False,1
1367,335.574,-0.0016,0.0,0.0,0.0,0.0,0.0,MANUAL,0.0,-0.5,False,1
1368,335.793,-0.0016,0.0,0.0,0.0,0.0,0.0,MANUAL,0.0,-0.5,False,1
1369,336.02,-0.0016,0.0,0.0,0.0,0.0,0.0,MANUAL,0.0,-0.5,False,1
1370,336.253,-0.0016,0.0,0.0,0.0,0.0,0.0,MANUAL,0.0,-0.5,False,1
1371,336.489,-0.0016,0.0,0.0,0.0,0.0,0.0,MANUAL,0.0,-0.5,False,1
1372,336.748,-0.0016,0.0,0.0,0.0,0.0,0.0,MANUAL,0.0,-0.5,False,1
1373,336.998,-0.0016,0.0,0.0,0.0,0.0,0.0,MANUAL,0.0,-0.5,False,1
1374,337.264,-0.0016,0.0,0.0,0.0,0.0,0.0,MANUAL,0.0,-0.5,False,1
1375,337.502,-0.0016,0.0,0.0,0.0,0.0,0.0,MANUAL,0.0,-0.5,False,1
1376,337.763,-0.0016,0.0,0.0,0.0,0.0,0.0,MANUAL,0.0,-0.5,False,1
1377,338.0,-0.0016,0.0,0.0,0.0,0.0,0.0,MANUAL,0.0,-0.5,False,1
1378,338.2,-0.0016,0.0,0.0,0.0,0.0,0.0,MANUAL,0.0,-0.5,False,1
1379,338.465,-0.0016,0.0,0.0,0.0,0.0,0.0,MANUAL,0.0,-0.5,False,1
1380,338.722,-0.0016,0.0,0.0,0.0,0.0,0.0,MANUAL,0.0,-0.5,False,1
1381,339.007,-0.0016,0.0,0.0,0.0,0.0,0.0,MANUAL,0.0,-0.5,False,1
1382,339.283,-0.0016,0.0,0.0,0.0,0.0,0.0,MANUAL,0.0,-0.5,False,1
1383,339.517,-0.0016,0.0,0.0,0.0,0.0,0.0,MANUAL,0.0,-0.5,False,1
1384,339.818,-0.0016,0.0,0.0,0.0,0.0,0.0,MANUAL,0.0,-0.5,False,1
1385,340.023,-0.0016,0.0,0.001,0.0,0.0,0.0,MANUAL,0.0,-0.5,False,1
1386,340.238,-0.0016,0.0,0.0,0.0,0.0,0.0,MANUAL,0.0,-0.5,False,1
1387,340.444,-0.0016,0.0,0.0,0.0,0.0,0.0,MANUAL,0.0,-0.5,False,1
1388,340.652,-0.0016,0.0,0.0,0.0,0.0,0.0,MANUAL,0.0,-0.5,False,1
1389,340.912,-0.0016,0.0,0.001,0.0,0.0,0.0,MANUAL,0.0,-0.5,False,1
1390,341.144,-0.0016,0.0,0.0,0.0,0.0,0.0,MANUAL,0.0,-0.5,False,1
1391,341.355,-0.0016,0.0,0.0,0.0,0.0,0.0,MANUAL,0.0,-0.5,False,1
1392,341.568,-0.0016,0.0,0.0,0.0,0.0,0.0,MANUAL,0.0,-0.5,False,1
1393,341.784,-0.0016,0.0,0.0,0.0,0.0,0.0,MANUAL,0.0,-0.5,False,1
1394,342.035,-0.0016,0.0,0.0,0.0,0.0,0.0,MANUAL,0.0,-0.5,False,1
1395,342.321,-0.0016,0.0,0.0,0.0,0.0,0.0,MANUAL,0.0,-0.5,False,1
1396,342.6,-0.0016,0.0,0.0,0.0,0.0,0.0,MANUAL,0.0,-0.5,False,1
1397,342.927,-0.0016,0.0,0.0,0.0,0.0,0.0,MANUAL,0.0,-0.5,False,1
1398,343.234,-0.0016,0.0,0.0,0.0,0.0,0.0,MANUAL,0.0,-0.5,False,1
1399,343.497,-0.0016,0.0,0.0,0.0,0.0,0.0,MANUAL,0.0,-0.5,False,1
1400,343.751,-0.0016,0.0,0.0,0.0,0.0,0.0,MANUAL,0.0,-0.5,False,1
1401,343.952,-0.0016,0.0,0.0,0.0,0.0,0.0,MANUAL,0.0,-0.5,False,1
1402,344.135,-0.0016,0.0,0.0,0.0,0.0,0.0,MANUAL,0.0,-0.5,False,1
1403,344.293,-0.0016,0.0,0.0,0.0,0.0,0.0,MANUAL,0.0,-0.5,False,1
1404,344.44,-0.0016,0.0,0.0,0.0,0.0,0.0,MANUAL,0.0,-0.5,False,1
1405,344.607,-0.0016,0.0,0.0,0.0,0.0,0.0,MANUAL,0.0,-0.5,False,1
1406,344.783,-0.0016,0.0,0.0,0.0,0.0,0.0,MANUAL,0.0,-0.5,False,1
1407,344.972,-0.0016,0.0,0.0,0.0,0.0,0.0,MANUAL,0.0,-0.5,False,1
1408,345.145,-0.0016,0.0,0.0,0.0,0.0,0.0,MANUAL,0.0,-0.5,False,1
1409,345.357,-0.0016,0.0,0.0,0.0,0.0,0.0,MANUAL,0.0,-0.5,False,1
1410,345.576,-0.0016,0.0,0.0,0.0,0.0,0.0,MANUAL,0.0,-0.5,False,1
1411,345.862,-0.0016,0.0,0.001,0.0,0.0,0.0,MANUAL,0.0,-0.5,False,1
1412,346.097,-0.0016,0.0,0.0,0.0,0.0,0.0,MANUAL,0.0,-0.5,False,1
1413,346.381,-0.0016,0.0,0.0,0.0,0.0,0.0,MANUAL,0.0,-0.5,False,1
1414,346.646,-0.0016,0.0,0.0,0.0,0.0,0.0,MANUAL,0.0,-0.5,False,1
1415,346.931,-0.0016,0.0,0.0,0.0,0.0,0.0,MANUAL,0.0,-0.5,False,1
1416,347.143,-0.0016,0.0,0.0,0.0,0.0,0.0,MANUAL,0.0,-0.5,False,1
1417,347.415,-0.0016,0.0,0.0,0.0,0.0,0.0,MANUAL,0.0,-0.5,False,1
1418,347.64,-0.0016,0.0,0.0,0.0,0.0,0.0,MANUAL,0.0,-0.5,False,1
1419,347.935,-0.0016,0.0,0.0,0.0,0.0,0.0,MANUAL,0.0,-0.5,False,1
1420,348.297,-0.0016,0.0,0.0,0.0,0.0,0.0,MANUAL,0.0,-0.5,False,1
1421,348.506,-0.0016,0.0,0.0,0.0,0.0,0.0,MANUAL,0.0,-0.5,False,1
1422,348.711,-0.0016,0.0,0.0,0.0,0.0,0.0,MANUAL,0.0,-0.5,False,1
1423,348.987,-0.0016,0.0,0.0,0.0,0.0,0.0,MANUAL,0.0,-0.5,False,1
1424,349.242,-0.0016,0.0,0.0,0.0,0.0,0.0,MANUAL,0.0,-0.5,False,1
1425,349.499,-0.0016,0.0,0.0,0.0,0.0,0.0,MANUAL,0.0,-0.5,False,1
1426,349.765,-0.0016,0.0,0.0,0.0,0.0,0.0,MANUAL,0.0,-0.5,False,1
1427,350.023,-0.0016,0.0,0.0,0.0,0.0,0.0,MANUAL,0.0,-0.5,False,1
1428,350.266,-0.0016,0.0,0.0,0.0,0.0,0.0,MANUAL,0.0,-0.5,False,1
1429,350.502,-0.0016,0.0,0.0,0.0,0.0,0.0,MANUAL,0.0,-0.5,False,1
1430,350.71,-0.0016,0.0,0.0,0.0,0.0,0.0,MANUAL,0.0,-0.5,False,1
1431,350.934,-0.0016,0.0,0.0,0.0,0.0,0.0,MANUAL,0.0,-0.5,False,1
1432,351.133,-0.0016,0.0,0.0,0.0,0.0,0.0,MANUAL,0.0,-0.5,False,1
1433,351.32,-0.0016,0.0,0.0,0.0,0.0,0.0,MANUAL,0.0,-0.5,False,1
1434,351.519,-0.0016,0.0,0.0,0.0,0.0,0.0,MANUAL,0.0,-0.5,False,1
1435,351.86,-0.0016,0.0,0.0,0.0,0.0,0.0,MANUAL,0.0,-0.5,False,1
1436,352.181,-0.0016,0.0,0.0,0.0,0.0,0.0,MANUAL,0.0,-0.5,False,1
1437,352.448,-0.0016,0.0,0.0,0.0,0.0,0.0,MANUAL,0.0,-0.5,False,1
1438,352.691,-0.0016,0.0,0.0,0.0,0.0,0.0,MANUAL,0.0,-0.5,False,1
1439,352.909,-0.0016,0.0,0.0,0.0,0.0,0.0,MANUAL,0.0,-0.5,False,1
1440,353.089,-0.0016,0.0,0.0,0.0,0.0,0.0,MANUAL,0.0,-0.5,False,1
1441,353.299,-0.0016,0.0,0.0,0.0,0.0,0.0,MANUAL,0.0,-0.5,False,1
1442,353.485,-0.0016,0.0,0.0,0.0,0.0,0.0,MANUAL,0.0,-0.5,False,1
1443,353.654,-0.0016,0.0,0.0,0.0,0.0,0.0,MANUAL,0.0,-0.5,False,1
1444,353.829,-0.0016,0.0,0.0,0.0,0.0,0.0,MANUAL,0.0,-0.5,False,1
1445,354.004,-0.0016,0.0,0.0,0.0,0.0,0.0,MANUAL,0.0,-0.5,False,1
1446,354.197,-0.0016,0.0,0.0,0.0,0.0,0.0,MANUAL,0.0,-0.5,False,1
1447,354.405,-0.0016,0.0,0.0,0.0,0.0,0.0,MANUAL,0.0,-0.5,False,1
1448,354.604,-0.0016,0.0,0.0,0.0,0.0,0.0,MANUAL,0.0,-0.5,False,1
1449,354.777,-0.0016,0.0,0.0,0.0,0.0,0.0,MANUAL,0.0,-0.5,False,1
1450,354.983,-0.0016,0.0,0.0,0.0,0.0,0.0,MANUAL,0.0,-0.5,False,1
1451,355.185,-0.0016,0.0,0.0,0.0,0.0,0.0,MANUAL,0.0,-0.5,False,1
1452,355.395,-0.0016,0.0,0.0,0.0,0.0,0.0,MANUAL,0.0,-0.5,False,1
1453,355.58,-0.0016,0.0,0.0,0.0,0.0,0.0,MANUAL,0.0,-0.5,False,1
1454,355.763,-0.0016,0.0,0.0,0.0,0.0,0.0,MANUAL,0.0,-0.5,False,1
1455,355.964,-0.0016,0.0,0.0,0.0,0.0,0.0,MANUAL,0.0,-0.5,False,1
1456,356.141,-0.0016,0.0,0.001,0.0,0.0,0.0,MANUAL,0.0,-0.5,False,1
1457,356.352,-0.0016,0.0,0.0,0.0,0.0,0.0,MANUAL,0.0,-0.5,False,1
1458,356.549,-0.0016,0.0,0.0,0.0,0.0,0.0,MANUAL,0.0,-0.5,False,1
1459,356.767,-0.0016,0.0,0.0,0.0,0.0,0.0,MANUAL,0.0,-0.5,False,1
1460,356.967,-0.0016,0.0,0.0,0.0,0.0,0.0,MANUAL,0.0,-0.5,False,1
1461,357.154,-0.0016,0.0,0.0,0.0,0.0,0.0,MANUAL,0.0,-0.5,False,1
1462,357.335,-0.0016,0.0,0.0,0.0,0.0,0.0,MANUAL,0.0,-0.5,False,1
1463,357.541,-0.0016,0.0,0.0,0.0,0.0,0.0,MANUAL,0.0,-0.5,False,1
1464,357.745,-0.0016,0.0,0.0,0.0,0.0,0.0,MANUAL,0.0,-0.5,False,1
1465,357.915,-0.0016,0.0,0.0,0.0,0.0,0.0,MANUAL,0.0,-0.5,False,1
1466,358.092,-0.0016,0.0,0.0,0.0,0.0,0.0,MANUAL,0.0,-0.5,False,1
1467,358.297,-0.0016,0.0,0.0,0.0,0.0,0.0,MANUAL,0.0,-0.5,False,1
1468,358.468,-0.0016,0.0,0.0,0.0,0.0,0.0,MANUAL,0.0,-0.5,False,1
1469,358.638,-0.0016,0.0,0.0,0.0,0.0,0.0,MANUAL,0.0,-0.5,False,1
1470,358.817,-0.0016,0.0,0.0,0.0,0.0,0.0,MANUAL,0.0,-0.5,False,1
1471,358.977,-0.0016,0.0,0.0,0.0,0.0,0.0,MANUAL,0.0,-0.5,False,1
1472,359.148,-0.0016,0.0,0.001,0.0,0.0,0.0,MANUAL,0.0,-0.5,False,1
1473,359.332,-0.0016,0.0,0.0,0.0,0.0,0.0,MANUAL,0.0,-0.5,False,1
1474,359.497,-0.0016,0.0,0.0,0.0,0.0,0.0,MANUAL,0.0,-0.5,False,1
1475,359.67,-0.0016,0.0,0.0,0.0,0.0,0.0,MANUAL,0.0,-0.5,False,1
1476,359.866,-0.0016,0.0,0.0,0.0,0.0,0.0,MANUAL,0.0,-0.5,False,1
1477,360.031,-0.0016,0.0,0.0,0.0,0.0,0.0,MANUAL,0.0,-0.5,False,1
1478,360.226,-0.0016,0.0,0.0,0.0,0.0,0.0,MANUAL,0.0,-0.5,False,1
1479,360.441,-0.0016,0.0,0.0,0.0,0.0,0.0,MANUAL,0.0,-0.5,False,1
1480,360.638,-0.0016,0.0,0.0,0.0,0.0,0.0,MANUAL,0.0,-0.5,False,1
1481,360.858,-0.0016,0.0,0.0,0.0,0.0,0.0,MANUAL,0.0,-0.5,False,1
1482,361.051,-0.0016,0.0,0.0,0.0,0.0,0.0,MANUAL,0.0,-0.5,False,1
1483,361.307,-0.0016,0.0,0.0,0.0,0.0,0.0,MANUAL,0.0,-0.5,False,1
1484,361.557,-0.0016,0.0,0.0,0.0,0.0,0.0,MANUAL,0.0,-0.5,False,1
1485,361.821,-0.0016,0.0,0.0,0.0,0.0,0.0,MANUAL,0.0,-0.5,False,1
1486,362.074,-0.0016,0.0,0.0,0.0,0.0,0.0,MANUAL,0.0,-0.5,False,1
1487,362.378,-0.0016,0.0,0.0,0.0,0.0,0.0,MANUAL,0.0,-0.5,False,1
1488,362.66,-0.0016,0.0,0.0,0.0,0.0,0.0,MANUAL,0.0,-0.5,False,1
1489,362.946,-0.0016,0.0,0.0,0.0,0.0,0.0,MANUAL,0.0,-0.5,False,1
1490,363.211,-0.0016,0.0,0.0,0.0,0.0,0.0,MANUAL,0.0,-0.5,False,1
1491,363.468,-0.0016,0.0,0.0,0.0,0.0,0.0,MANUAL,0.0,-0.5,False,1
1492,363.753,-0.0016,0.0,0.0,0.0,0.0,0.0,MANUAL,0.0,-0.5,False,1
1493,363.997,-0.0016,0.0,0.0,0.0,0.0,0.0,MANUAL,0.0,-0.5,False,1
1494,364.291,-0.0016,0.0,0.0,0.0,0.0,0.0,MANUAL,0.0,-0.5,False,1
1495,364.589,-0.0016,0.0,0.0,0.0,0.0,0.0,MANUAL,0.0,-0.5,False,1
1496,364.901,-0.0016,0.0,0.0,0.0,0.0,0.0,MANUAL,0.0,-0.5,False,1
1497,365.133,-0.0016,0.0,0.0,0.0,0.0,0.0,MANUAL,0.0,-0.5,False,1
1498,365.359,-0.0016,0.0,0.0,0.0,0.0,0.0,MANUAL,0.0,-0.5,False,1
1499,365.56,-0.0016,0.0,0.0,0.0,0.0,0.0,MANUAL,0.0,-0.5,False,1
1500,365.815,-0.0016,0.0,0.0,0.0,0.0,0.0,MANUAL,0.0,-0.5,False,1
1501,366.103,-0.0016,0.0,0.0,0.0,0.0,0.0,MANUAL,0.0,-0.5,False,1
1502,366.321,-0.0016,0.0,0.0,0.0,0.0,0.0,MANUAL,0.0,-0.5,False,1
1503,366.555,-0.0016,0.0,0.0,0.0,0.0,0.0,MANUAL,0.0,-0.5,False,1
1504,366.786,-0.0016,0.0,0.0,0.0,0.0,0.0,MANUAL,0.0,-0.5,False,1
1505,366.984,-0.0016,0.0,0.0,0.0,0.0,0.0,MANUAL,0.0,-0.5,False,1
1506,367.17,-0.0016,0.0,0.0,0.0,0.0,0.0,MANUAL,0.0,-0.5,False,1
1507,367.365,-0.0016,0.0,0.0,0.0,0.0,0.0,MANUAL,0.0,-0.5,False,1
1508,367.566,-0.0016,0.0,0.0,0.0,0.0,0.0,MANUAL,0.0,-0.5,False,1
1509,367.772,-0.0016,0.0,0.0,0.0,0.0,0.0,MANUAL,0.0,-0.5,False,1
1510,367.989,-0.0016,0.0,0.0,0.0,0.0,0.0,MANUAL,0.0,-0.5,False,1
1511,368.271,-0.0016,0.0,0.0,0.0,0.0,0.0,MANUAL,0.0,-0.5,False,1
1512,368.605,-0.0016,0.0,0.0,0.0,0.0,0.0,MANUAL,0.0,-0.5,False,1
1513,368.862,-0.0016,0.0,0.0,0.0,0.0,0.0,MANUAL,0.0,-0.5,False,1
1514,369.146,-0.0016,0.0,0.0,0.0,0.0,0.0,MANUAL,0.0,-0.5,False,1
1515,369.442,-0.0016,0.0,0.0,0.0,0.0,0.0,MANUAL,0.0,-0.5,False,1
1516,369.743,-0.0016,0.0,0.0,0.0,0.0,0.0,MANUAL,0.0,-0.5,False,1
1517,370.012,-0.0016,0.0,0.0,0.0,0.0,0.0,MANUAL,0.0,-0.5,False,1
1518,370.233,-0.0016,0.0,0.0,0.0,0.0,0.0,MANUAL,0.0,-0.5,False,1
1519,370.501,-0.0016,0.0,0.0,0.0,0.0,0.0,MANUAL,0.0,-0.5,False,1
1520,370.764,-0.0016,0.0,0.0,0.0,0.0,0.0,MANUAL,0.0,-0.5,False,1
1521,371.041,-0.0016,0.0,0.0,0.0,0.0,0.0,MANUAL,0.0,-0.5,False,1
1522,371.349,-0.0016,0.0,0.0,0.0,0.0,0.0,MANUAL,0.0,-0.5,False,1
1523,371.601,-0.0016,0.0,0.0,0.0,0.0,0.0,MANUAL,0.0,-0.5,False,1
1524,371.803,-0.0016,0.0,0.0,0.0,0.0,0.0,MANUAL,0.0,-0.5,False,1
1525,372.033,-0.0016,0.0,0.0,0.0,0.0,0.0,MANUAL,0.0,-0.5,False,1
1526,372.272,-0.0016,0.0,0.0,0.0,0.0,0.0,MANUAL,0.0,-0.5,False,1
1527,372.503,-0.0016,0.0,0.0,0.0,0.0,0.0,MANUAL,0.0,-0.5,False,1
1528,372.752,-0.0016,0.0,0.0,0.0,0.0,0.0,MANUAL,0.0,-0.5,False,1
1529,373.008,-0.0016,0.0,0.0,0.0,0.0,0.0,MANUAL,0.0,-0.5,False,1
1530,373.254,-0.0016,0.0,0.0,0.0,0.0,0.0,MANUAL,0.0,-0.5,False,1
1531,373.544,-0.0016,0.0,0.0,0.0,0.0,0.0,MANUAL,0.0,-0.5,False,1
1532,373.857,-0.0016,0.0,0.0,0.0,0.0,0.0,MANUAL,0.0,-0.5,False,1
1533,374.156,-0.0016,0.0,0.0,0.0,0.0,0.0,MANUAL,0.0,-0.5,False,1
1534,374.381,-0.0016,0.0,0.0,0.0,0.0,0.0,MANUAL,0.0,-0.5,False,1
1535,374.643,-0.0016,0.0,0.0,0.0,0.0,0.0,MANUAL,0.0,-0.5,False,1
1536,374.879,-0.0016,0.0,0.0,0.0,0.0,0.0,MANUAL,0.0,-0.5,False,1
1537,375.131,-0.0016,0.0,0.0,0.0,0.0,0.0,MANUAL,0.0,-0.5,False,1
1538,375.391,-0.0016,0.0,0.0,0.0,0.0,0.0,MANUAL,0.0,-0.5,False,1
1539,375.612,-0.0016,0.0,0.0,0.0,0.0,0.0,MANUAL,0.0,-0.5,False,1
1540,375.826,-0.0016,-0.0,0.0,0.0,0.0,0.0,MANUAL,0.0,-0.5,False,1
1541,376.024,-0.0016,-0.0,0.0,0.0,0.0,0.0,MANUAL,0.0,-0.5,False,1
1542,376.193,-0.0016,-0.0,0.0,0.0,0.0,0.0,MANUAL,0.0,-0.5,False,1
1543,376.362,-0.0016,0.0,0.0,0.0,0.0,0.0,MANUAL,0.0,-0.5,False,1
1544,376.563,-0.0016,0.0,0.0,0.0,0.0,0.0,MANUAL,0.0,-0.5,False,1
1545,376.758,-0.0016,0.0,0.0,0.0,0.0,0.0,MANUAL,0.0,-0.5,False,1
1546,376.987,-0.0016,0.0,0.0,0.0,0.0,0.0,MANUAL,0.0,-0.5,False,1
1547,377.17,-0.0016,0.0,0.0,0.0,0.0,0.0,MANUAL,0.0,-0.5,False,1
1548,377.362,-0.0016,0.0,0.0,0.0,0.0,0.0,MANUAL,0.0,-0.5,False,1
1549,377.559,-0.0016,0.0,0.0,0.0,0.0,0.0,MANUAL,0.0,-0.5,False,1
1550,377.775,-0.0016,0.0,0.0,0.0,0.0,0.0,MANUAL,0.0,-0.5,False,1
1551,378.021,-0.0016,0.0,0.0,0.0,0.0,0.0,MANUAL,0.0,-0.5,False,1
1552,378.308,-0.0016,0.0,0.0,0.0,0.0,0.0,MANUAL,0.0,-0.5,False,1
1553,378.578,-0.0016,0.0,0.0,0.0,0.0,0.0,MANUAL,0.0,-0.5,False,1
1554,378.801,-0.0016,0.0,0.0,0.0,0.0,0.0,MANUAL,0.0,-0.5,False,1
1555,379.038,-0.0016,0.0,0.0,0.0,0.0,0.0,MANUAL,0.0,-0.5,False,1
1556,379.254,-0.0016,0.0,0.0,0.0,0.0,0.0,MANUAL,0.0,-0.5,False,1
1557,379.449,-0.0016,0.0,0.0,0.0,0.0,0.0,MANUAL,0.0,-0.5,False,1
1558,379.644,-0.0016,0.0,0.0,0.0,0.0,0.0,MANUAL,0.0,-0.5,False,1
1559,379.86,-0.0016,0.0,0.0,0.0,0.0,0.0,MANUAL,0.0,-0.5,False,1
1560,380.114,-0.0016,0.0,0.0,0.0,0.0,0.0,MANUAL,0.0,-0.5,False,1
1561,380.321,-0.0016,0.0,0.0,0.0,0.0,0.0,MANUAL,0.0,-0.5,False,1
1562,380.525,-0.0016,0.0,0.0,0.0,0.0,0.0,MANUAL,0.0,-0.5,False,1
1563,380.722,-0.0016,0.0,0.0,0.0,0.0,0.0,MANUAL,0.0,-0.5,False,1
1564,381.027,-0.0016,0.0,0.0,0.0,0.0,0.0,MANUAL,0.0,-0.5,False,1
1565,381.343,-0.0016,0.0,0.0,0.0,0.0,0.0,MANUAL,0.0,-0.5,False,1
1566,381.618,-0.0016,0.0,0.0,0.0,0.0,0.0,MANUAL,0.0,-0.5,False,1
1567,381.889,-0.0016,0.0,0.0,0.0,0.0,0.0,MANUAL,0.0,-0.5,False,1
1568,382.173,-0.0016,0.0,0.0,0.0,0.0,0.0,MANUAL,0.0,-0.5,False,1
1569,382.436,-0.0016,0.0,0.0,0.0,0.0,0.0,MANUAL,0.0,-0.5,False,1
1570,382.71,-0.0016,0.0,0.0,0.0,0.0,0.0,MANUAL,0.0,-0.5,False,1
1571,383.04,-0.0016,0.0,0.001,0.0,0.0,0.0,MANUAL,0.0,-0.5,False,1
1572,383.385,-0.0016,0.0,0.0,0.0,0.0,0.0,MANUAL,0.0,-0.5,False,1
1573,383.658,-0.0016,0.0,0.0,0.0,0.0,0.0,MANUAL,0.0,-0.5,False,1
1574,383.998,-0.0016,0.0,0.0,0.0,0.0,0.0,MANUAL,0.0,-0.5,False,1
1575,384.422,-0.0016,0.0,0.0,0.0,0.0,0.0,MANUAL,0.0,-0.5,False,1
1576,384.683,-0.0016,0.0,0.0,0.0,0.0,0.0,MANUAL,0.0,-0.5,False,1
1577,385.009,-0.0016,0.0,0.0,0.0,0.0,0.0,MANUAL,0.0,-0.5,False,1
1578,385.298,-0.0016,0.0,0.0,0.0,0.0,0.0,MANUAL,0.0,-0.5,False,1
1579,385.596,-0.0016,0.0,0.0,0.0,0.0,0.0,MANUAL,0.0,-0.5,False,1
1580,385.885,-0.0016,0.0,0.0,0.0,0.0,0.0,MANUAL,0.0,-0.5,False,1
1581,386.352,-0.0016,0.0,0.0,0.0,0.0,0.0,MANUAL,0.0,-0.5,False,1
1582,386.592,-0.0016,0.0,0.0,0.0,0.0,0.0,MANUAL,0.0,-0.5,False,1
1583,386.785,-0.0016,0.0,0.0,0.0,0.0,0.0,MANUAL,0.0,-0.5,False,1
1584,386.998,-0.0016,0.0,0.0,0.0,0.0,0.0,MANUAL,0.0,-0.5,False,1
1585,387.26,-0.0016,0.0,0.0,0.0,0.0,0.0,MANUAL,0.0,-0.5,False,1
1586,387.481,-0.0016,0.0,0.0,0.0,0.0,0.0,MANUAL,0.0,-0.5,False,1
1587,387.759,-0.0016,0.0,0.0,0.0,0.0,0.0,MANUAL,0.0,-0.5,False,1
1588,387.987,-0.0016,0.0,0.0,0.0,0.0,0.0,MANUAL,0.0,-0.5,False,1
1589,388.205,-0.0016,0.0,0.0,0.0,0.0,0.0,MANUAL,0.0,-0.5,False,1
1590,388.463,-0.0016,0.0,0.0,0.0,0.0,0.0,MANUAL,0.0,-0.5,False,1
1591,388.741,-0.0016,0.0,0.0,0.0,0.0,0.0,MANUAL,0.0,-0.5,False,1
1592,389.058,-0.0016,0.0,0.0,0.0,0.0,0.0,MANUAL,0.0,-0.5,False,1
1593,389.318,-0.0016,0.0,0.0,0.0,0.0,0.0,MANUAL,0.0,-0.5,False,1
1594,389.712,-0.0016,0.0,0.0,0.0,0.0,0.0,MANUAL,0.0,-0.5,False,1
1595,390.058,-0.0016,0.0,0.0,0.0,0.0,0.0,MANUAL,0.0,-0.5,False,1
1596,390.357,-0.0016,0.0,0.0,0.0,0.0,0.0,MANUAL,0.0,-0.5,False,1
1597,390.637,-0.0016,0.0,0.001,0.0,0.0,0.0,MANUAL,0.0,-0.5,False,1
1598,390.937,-0.0016,0.0,0.001,0.0,0.0,0.0,MANUAL,0.0,-0.5,False,1
1599,391.188,-0.0016,0.0,0.0,0.0,0.0,0.0,MANUAL,0.0,-0.5,False,1
1600,391.491,-0.0016,0.0,0.0,0.0,0.0,0.0,MANUAL,0.0,-0.5,False,1
1601,391.882,-0.0016,0.0,0.0,0.0,0.0,0.0,MANUAL,0.0,-0.5,False,1
1602,392.078,-0.0016,0.0,0.0,0.0,0.0,0.0,MANUAL,0.0,-0.5,False,1
1603,392.245,-0.0016,0.0,0.0,0.0,0.0,0.0,MANUAL,0.0,-0.5,False,1
1604,392.399,-0.0016,0.0,0.001,0.0,0.0,0.0,MANUAL,0.0,-0.5,False,1
1605,392.564,-0.0016,0.0,0.0,0.0,0.0,0.0,MANUAL,0.0,-0.5,False,1
1606,392.728,-0.0016,0.0,0.0,0.0,0.0,0.0,MANUAL,0.0,-0.5,False,1
1607,392.96,-0.0016,0.0,0.0,0.0,0.0,0.0,MANUAL,0.0,-0.5,False,1
1608,393.226,-0.0016,0.0,0.0,0.0,0.0,0.0,MANUAL,0.0,-0.5,False,1
1609,393.496,-0.0016,0.0,0.0,0.0,0.0,0.0,MANUAL,0.0,-0.5,False,1
1610,393.727,-0.0016,0.0,0.0,0.0,0.0,0.0,MANUAL,0.0,-0.5,False,1
1611,393.956,-0.0016,0.0,0.0,0.0,0.0,0.0,MANUAL,0.0,-0.5,False,1
1612,394.154,-0.0016,0.0,0.0,0.0,0.0,0.0,MANUAL,0.0,-0.5,False,1
1613,394.355,-0.0016,0.0,0.0,0.0,0.0,0.0,MANUAL,0.0,-0.5,False,1
1614,394.575,-0.0016,0.0,0.0,0.0,0.0,0.0,MANUAL,0.0,-0.5,False,1
1615,394.803,-0.0016,0.0,0.0,0.0,0.0,0.0,MANUAL,0.0,-0.5,False,1
1616,395.094,-0.0016,0.0,0.0,0.0,0.0,0.0,MANUAL,0.0,-0.5,False,1
1617,395.354,-0.0016,0.0,0.0,0.0,0.0,0.0,MANUAL,0.0,-0.5,False,1
1618,395.594,-0.0016,0.0,0.0,0.0,0.0,0.0,MANUAL,0.0,-0.5,False,1
1619,395.78,-0.0016,0.0,0.0,0.0,0.0,0.0,MANUAL,0.0,-0.5,False,1
1620,395.991,-0.0016,0.0,0.0,0.0,0.0,0.0,MANUAL,0.0,-0.5,False,1
1621,396.185,-0.0016,0.0,0.0,0.0,0.0,0.0,MANUAL,0.0,-0.5,False,1
1622,396.401,-0.0016,0.0,0.0,0.0,0.0,0.0,MANUAL,0.0,-0.5,False,1
1623,396.601,-0.0016,0.0,0.0,0.0,0.0,0.0,MANUAL,0.0,-0.5,False,1
1624,396.817,-0.0016,0.0,0.0,0.0,0.0,0.0,MANUAL,0.0,-0.5,False,1
1625,397.059,-0.0016,0.0,0.0,0.0,0.0,0.0,MANUAL,0.0,-0.5,False,1
1626,397.252,-0.0016,0.0,0.0,0.0,0.0,0.0,MANUAL,0.0,-0.5,False,1
1627,397.454,-0.0016,0.0,0.0,0.0,0.0,0.0,MANUAL,0.0,-0.5,False,1
1628,397.653,-0.0016,0.0,0.0,0.0,0.0,0.0,MANUAL,0.0,-0.5,False,1
1629,397.863,-0.0016,0.0,0.0,0.0,0.0,0.0,MANUAL,0.0,-0.5,False,1
1630,398.049,-0.0016,0.0,0.0,0.0,0.0,0.0,MANUAL,0.0,-0.5,False,1
1631,398.255,-0.0016,0.0,0.0,0.0,0.0,0.0,MANUAL,0.0,-0.5,False,1
1632,398.444,-0.0016,0.0,0.0,0.0,0.0,0.0,MANUAL,0.0,-0.5,False,1
1633,398.638,-0.0016,0.0,0.0,0.0,0.0,0.0,MANUAL,0.0,-0.5,False,1
1634,398.819,-0.0016,0.0,0.0,0.0,0.0,0.0,MANUAL,0.0,-0.5,False,1
1635,399.007,-0.0016,0.0,0.0,0.0,0.0,0.0,MANUAL,0.0,-0.5,False,1
1636,399.286,-0.0016,0.0,0.0,0.0,0.0,0.0,MANUAL,0.0,-0.5,False,1
1637,399.497,-0.0016,0.0,0.0,0.0,0.0,0.0,MANUAL,0.0,-0.5,False,1
1638,399.703,-0.0016,0.0,0.0,0.0,0.0,0.0,MANUAL,0.0,-0.5,False,1
1639,399.917,-0.0016,0.0,0.0,0.0,0.0,0.0,MANUAL,0.0,-0.5,False,1
1640,400.106,-0.0016,0.0,0.0,0.0,0.0,0.0,MANUAL,0.0,-0.5,False,1
1641,400.319,-0.0016,0.0,0.0,0.0,0.0,0.0,MANUAL,0.0,-0.5,False,1
1642,400.527,-0.0016,0.0,0.0,0.0,0.0,0.0,MANUAL,0.0,-0.5,False,1
1643,400.754,-0.0016,0.0,0.0,0.0,0.0,0.0,MANUAL,0.0,-0.5,False,1
1644,400.986,-0.0016,0.0,0.0,0.0,0.0,0.0,MANUAL,0.0,-0.5,False,1
1645,401.225,-0.0016,0.0,0.0,0.0,0.0,0.0,MANUAL,0.0,-0.5,False,1
1646,401.564,-0.0016,0.0,0.0,0.0,0.0,0.0,MANUAL,0.0,-0.5,False,1
1647,401.874,-0.0016,0.0,0.0,0.0,0.0,0.0,MANUAL,0.0,-0.5,False,1
1648,402.14,-0.0016,0.0,0.0,0.0,0.0,0.0,MANUAL,0.0,-0.5,False,1
1649,402.474,-0.0016,0.0,0.0,0.0,0.0,0.0,MANUAL,0.0,-0.5,False,1
1650,402.772,-0.0016,0.0,0.0,0.0,0.0,0.0,MANUAL,0.0,-0.5,False,1
1651,403.09,-0.0016,0.0,0.0,0.0,0.0,0.0,MANUAL,0.0,-0.5,False,1
1652,403.353,-0.0016,0.0,0.0,0.0,0.0,0.0,MANUAL,0.0,-0.5,False,1
1653,403.677,-0.0016,0.0,0.0,0.0,0.0,0.0,MANUAL,0.0,-0.5,False,1
1654,403.921,-0.0016,0.0,0.0,0.0,0.0,0.0,MANUAL,0.0,-0.5,False,1
1655,404.196,-0.0016,0.0,0.0,0.0,0.0,0.0,MANUAL,0.0,-0.5,False,1
1656,404.453,-0.0016,0.0,0.0,0.0,0.0,0.0,MANUAL,0.0,-0.5,False,1
1657,404.671,-0.0016,0.0,0.0,0.0,0.0,0.0,MANUAL,0.0,-0.5,False,1
1658,404.902,-0.0016,0.0,0.0,0.0,0.0,0.0,MANUAL,0.0,-0.5,False,1
1659,405.113,-0.0016,0.0,0.0,0.0,0.0,0.0,MANUAL,0.0,-0.5,False,1
1660,405.415,-0.0016,0.0,0.0,0.0,0.0,0.0,MANUAL,0.0,-0.5,False,1
1661,405.696,-0.0016,0.0,0.0,0.0,0.0,0.0,MANUAL,0.0,-0.5,False,1
1662,406.01,-0.0016,0.0,0.0,0.0,0.0,0.0,MANUAL,0.0,-0.5,False,1
1663,406.319,-0.0016,0.0,0.0,0.0,0.0,0.0,MANUAL,0.0,-0.5,False,1
1664,406.619,-0.0016,0.0,0.0,0.0,0.0,0.0,MANUAL,0.0,-0.5,False,1
1665,406.846,-0.0016,0.0,0.0,0.0,0.0,0.0,MANUAL,0.0,-0.5,False,1
1666,407.087,-0.0016,0.0,0.0,0.0,0.0,0.0,MANUAL,0.0,-0.5,False,1
1667,407.393,-0.0016,0.0,0.0,0.0,0.0,0.0,MANUAL,0.0,-0.5,False,1
1668,407.707,-0.0016,0.0,0.0,0.0,0.0,0.0,MANUAL,0.0,-0.5,False,1
1669,407.947,-0.0016,0.0,0.0,0.0,0.0,0.0,MANUAL,0.0,-0.5,False,1
1670,408.149,-0.0016,0.0,0.0,0.0,0.0,0.0,MANUAL,0.0,-0.5,False,1
1671,408.34,-0.0016,0.0,0.0,0.0,0.0,0.0,MANUAL,0.0,-0.5,False,1
1672,408.562,-0.0016,0.0,0.0,0.0,0.0,0.0,MANUAL,0.0,-0.5,False,1
1673,408.837,-0.0016,0.0,0.0,0.0,0.0,0.0,MANUAL,0.0,-0.5,False,1
1674,409.033,-0.0016,0.0,0.0,0.0,0.0,0.0,MANUAL,0.0,-0.5,False,1
1675,409.251,-0.0016,0.0,0.0,0.0,0.0,0.0,MANUAL,0.0,-0.5,False,1
1676,409.451,-0.0016,0.0,0.0,0.0,0.0,0.0,MANUAL,0.0,-0.5,False,1
1677,409.631,-0.0016,0.0,0.0,0.0,0.0,0.0,MANUAL,0.0,-0.5,False,1
1678,409.829,-0.0016,0.0,0.0,0.0,0.0,0.0,MANUAL,0.0,-0.5,False,1
1679,410.028,-0.0016,0.0,0.001,0.0,0.0,0.0,MANUAL,0.0,-0.5,False,1
1680,410.277,-0.0016,0.0,0.0,0.0,0.0,0.0,MANUAL,0.0,-0.5,False,1
1681,410.447,-0.0016,0.0,0.0,0.0,0.0,0.0,MANUAL,0.0,-0.5,False,1
1682,410.668,-0.0016,0.0,0.0,0.0,0.0,0.0,MANUAL,0.0,-0.5,False,1
1683,410.864,-0.0016,0.0,0.0,0.0,0.0,0.0,MANUAL,0.0,-0.5,False,1
1684,411.061,-0.0016,0.0,0.0,0.0,0.0,0.0,MANUAL,0.0,-0.5,False,1
1685,411.284,-0.0016,0.0,0.0,0.0,0.0,0.0,MANUAL,0.0,-0.5,False,1
1686,411.541,-0.0016,0.0,0.0,0.0,0.0,0.0,MANUAL,0.0,-0.5,False,1
1687,411.782,-0.0016,0.0,0.0,0.0,0.0,0.0,MANUAL,0.0,-0.5,False,1
1688,412.086,-0.0016,0.0,0.0,0.0,0.0,0.0,MANUAL,0.0,-0.5,False,1
1689,412.373,-0.0016,0.0,0.0,0.0,0.0,0.0,MANUAL,0.0,-0.5,False,1
1690,412.769,-0.0016,0.0,0.0,0.0,0.0,0.0,MANUAL,0.0,-0.5,False,1
1691,413.094,-0.0016,0.0,0.0,0.0,0.0,0.0,MANUAL,0.0,-0.5,False,1
1692,413.472,-0.0016,0.0,0.0,0.0,0.0,0.0,MANUAL,0.0,-0.5,False,1
1693,413.77,-0.0016,0.0,0.0,0.0,0.0,0.0,MANUAL,0.0,-0.5,False,1
1694,414.056,-0.0016,0.0,0.0,0.0,0.0,0.0,MANUAL,0.0,-0.5,False,1
1695,414.377,-0.0016,0.0,0.0,0.0,0.0,0.0,MANUAL,0.0,-0.5,False,1
1696,414.713,-0.0016,0.0,0.0,0.0,0.0,0.0,MANUAL,0.0,-0.5,False,1
1697,414.95,-0.0016,0.0,0.0,0.0,0.0,0.0,MANUAL,0.0,-0.5,False,1
1698,415.204,-0.0016,0.0,0.0,0.0,0.0,0.0,MANUAL,0.0,-0.5,False,1
1699,415.494,-0.0016,0.0,0.0,0.0,0.0,0.0,MANUAL,0.0,-0.5,False,1
1700,415.788,-0.0016,0.0,0.0,0.0,0.0,0.0,MANUAL,0.0,-0.5,False,1
1701,416.073,-0.0016,0.0,0.0,0.0,0.0,0.0,MANUAL,0.0,-0.5,False,1
1702,416.369,-0.0016,0.0,0.0,0.0,0.0,0.0,MANUAL,0.0,-0.5,False,1
1703,416.68,-0.0016,0.0,0.0,0.0,0.0,0.0,MANUAL,0.0,-0.5,False,1
1704,416.929,-0.0016,0.0,0.0,0.0,0.0,0.0,MANUAL,0.0,-0.5,False,1
1705,417.19,-0.0016,0.0,0.0,0.0,0.0,0.0,MANUAL,0.0,-0.5,False,1
1706,417.465,-0.0016,0.0,0.001,0.0,0.0,0.0,MANUAL,0.0,-0.5,False,1
1707,417.775,-0.0016,0.0,0.0,0.0,0.0,0.0,MANUAL,0.0,-0.5,False,1
1708,418.059,-0.0016,0.0,0.0,0.0,0.0,0.0,MANUAL,0.0,-0.5,False,1
1709,418.369,-0.0016,0.0,0.0,0.0,0.0,0.0,MANUAL,0.0,-0.5,False,1
1710,418.627,-0.0016,0.0,0.0,0.0,0.0,0.0,MANUAL,0.0,-0.5,False,1
1711,418.822,-0.0016,0.0,0.0,0.0,0.0,0.0,MANUAL,0.0,-0.5,False,1
1712,419.041,-0.0016,0.0,0.0,0.0,0.0,0.0,MANUAL,0.0,-0.5,False,1
1713,419.298,-0.0016,0.0,0.0,0.0,0.0,0.0,MANUAL,0.0,-0.5,False,1
1714,419.629,-0.0016,0.0,0.0,0.0,0.0,0.0,MANUAL,0.0,-0.5,False,1
1715,419.958,-0.0016,0.0,0.0,0.0,0.0,0.0,MANUAL,0.0,-0.5,False,1
1716,420.171,-0.0016,0.0,0.0,0.0,0.0,0.0,MANUAL,0.0,-0.5,False,1
1717,420.385,-0.0016,0.0,0.0,0.0,0.0,0.0,MANUAL,0.0,-0.5,False,1
1718,420.585,-0.0016,0.0,0.0,0.0,0.0,0.0,MANUAL,0.0,-0.5,False,1
1719,420.805,-0.0016,0.0,0.0,0.0,0.0,0.0,MANUAL,0.0,-0.5,False,1
1720,420.991,-0.0016,0.0,0.0,0.0,0.0,0.0,MANUAL,0.0,-0.5,False,1
1721,421.25,-0.0016,0.0,0.0,0.0,0.0,0.0,MANUAL,0.0,-0.5,False,1
1722,421.575,-0.0016,0.0,0.001,0.0,0.0,0.0,MANUAL,0.0,-0.5,False,1
1723,421.86,-0.0016,0.0,0.0,0.0,0.0,0.0,MANUAL,0.0,-0.5,False,1
1724,422.116,-0.0016,0.0,0.0,0.0,0.0,0.0,MANUAL,0.0,-0.5,False,1
1725,422.436,-0.0016,0.0,0.0,0.0,0.0,0.0,MANUAL,0.0,-0.5,False,1
1726,422.744,-0.0016,0.0,0.0,0.0,0.0,0.0,MANUAL,0.0,-0.5,False,1
1727,423.015,-0.0016,0.0,0.0,0.0,0.0,0.0,MANUAL,0.0,-0.5,False,1
1728,423.349,-0.0016,0.0,0.0,0.0,0.0,0.0,MANUAL,0.0,-0.5,False,1
1729,423.64,-0.0016,0.0,0.0,0.0,0.0,0.0,MANUAL,0.0,-0.5,False,1
1730,423.95,-0.0016,0.0,0.0,0.0,0.0,0.0,MANUAL,0.0,-0.5,False,1
1731,424.227,-0.0016,0.0,0.0,0.0,0.0,0.0,MANUAL,0.0,-0.5,False,1
1732,424.533,-0.0016,0.0,0.0,0.0,0.0,0.0,MANUAL,0.0,-0.5,False,1
1733,424.821,-0.0016,0.0,0.0,0.0,0.0,0.0,MANUAL,0.0,-0.5,False,1
1734,425.104,-0.0016,0.0,0.0,0.0,0.0,0.0,MANUAL,0.0,-0.5,False,1
1735,425.393,-0.0016,0.0,0.0,0.0,0.0,0.0,MANUAL,0.0,-0.5,False,1
1736,425.699,-0.0016,0.0,0.0,0.0,0.0,0.0,MANUAL,0.0,-0.5,False,1
1737,425.957,-0.0016,0.0,0.0,0.0,0.0,0.0,MANUAL,0.0,-0.5,False,1
1738,426.183,-0.0016,0.0,0.0,0.0,0.0,0.0,MANUAL,0.0,-0.5,False,1
1739,426.417,-0.0016,0.0,0.0,0.0,0.0,0.0,MANUAL,0.0,-0.5,False,1
1740,426.643,-0.0016,0.0,0.0,0.0,0.0,0.0,MANUAL,0.0,-0.5,False,1
1741,426.868,-0.0016,0.0,0.0,0.0,0.0,0.0,MANUAL,0.0,-0.5,False,1
1742,427.106,-0.0016,0.0,0.0,0.0,0.0,0.0,MANUAL,0.0,-0.5,False,1
1743,427.388,-0.0016,0.0,0.001,0.0,0.0,0.0,MANUAL,0.0,-0.5,False,1
1744,427.605,-0.0016,0.0,0.0,0.0,0.0,0.0,MANUAL,0.0,-0.5,False,1
1745,427.834,-0.0016,0.0,0.0,0.0,0.0,0.0,MANUAL,0.0,-0.5,False,1
1746,428.03,-0.0016,0.0,0.0,0.0,0.0,0.0,MANUAL,0.0,-0.5,False,1
1747,428.229,-0.0016,0.0,0.0,0.0,0.0,0.0,MANUAL,0.0,-0.5,False,1
1748,428.375,-0.0016,0.0,0.0,0.0,0.0,0.0,MANUAL,0.0,-0.5,False,1
1749,428.506,-0.0016,0.0,0.0,0.0,0.0,0.0,MANUAL,0.0,-0.5,False,1
1750,428.702,-0.0016,0.0,0.0,0.0,0.0,0.0,MANUAL,0.0,-0.5,False,1
1751,428.876,-0.0016,0.0,0.0,0.0,0.0,0.0,MANUAL,0.0,-0.5,False,1
1752,429.034,-0.0016,0.0,0.0,0.0,0.0,0.0,MANUAL,0.0,-0.5,False,1
1753,429.168,-0.0016,0.0,0.0,0.0,0.0,0.0,MANUAL,0.0,-0.5,False,1
1754,429.337,-0.0016,0.0,0.0,0.0,0.0,0.0,MANUAL,0.0,-0.5,False,1
1755,429.495,-0.0016,0.0,0.0,0.0,0.0,0.0,MANUAL,0.0,-0.5,False,1
1756,429.634,-0.0016,0.0,0.0,0.0,0.0,0.0,MANUAL,0.0,-0.5,False,1
1757,429.754,-0.0016,0.0,0.0,0.0,0.0,0.0,MANUAL,0.0,-0.5,False,1
1758,429.901,-0.0016,0.0,0.0,0.0,0.0,0.0,MANUAL,0.0,-0.5,False,1
1759,430.037,-0.0016,0.0,0.0,0.0,0.0,0.0,MANUAL,0.0,-0.5,False,1
1760,430.165,-0.0016,0.0,0.0,0.0,0.0,0.0,MANUAL,0.0,-0.5,False,1
1761,430.284,-0.0016,0.0,0.0,0.0,0.0,0.0,MANUAL,0.0,-0.5,False,1
1762,430.434,-0.0016,0.0,0.0,0.0,0.0,0.0,MANUAL,0.0,-0.5,False,1
1763,430.571,-0.0016,0.0,0.0,0.0,0.0,0.0,MANUAL,0.0,-0.5,False,1
1764,430.705,-0.0016,0.0,0.0,0.0,0.0,0.0,MANUAL,0.0,-0.5,False,1
1765,430.836,-0.0016,0.0,0.0,0.0,0.0,0.0,MANUAL,0.0,-0.5,False,1
1766,430.966,-0.0016,0.0,0.0,0.0,0.0,0.0,MANUAL,0.0,-0.5,False,1
1767,431.101,-0.0016,0.0,0.0,0.0,0.0,0.0,MANUAL,0.0,-0.5,False,1
1768,431.25,-0.0016,0.0,0.0,0.0,0.0,0.0,MANUAL,0.0,-0.5,False,1
1769,431.403,-0.0016,0.0,0.0,0.0,0.0,0.0,MANUAL,0.0,-0.5,False,1
1770,431.541,-0.0016,0.0,0.0,0.0,0.0,0.0,MANUAL,0.0,-0.5,False,1
1771,431.704,-0.0016,0.0,0.0,0.0,0.0,0.0,MANUAL,0.0,-0.5,False,1
1772,431.853,-0.0016,0.0,0.0,0.0,0.0,0.0,MANUAL,0.0,-0.5,False,1
1773,431.999,-0.0016,0.0,0.0,0.0,0.0,0.0,MANUAL,0.0,-0.5,False,1
1774,432.153,-0.0016,0.0,0.0,0.0,0.0,0.0,MANUAL,0.0,-0.5,False,1
1775,432.311,-0.0016,0.0,0.0,0.0,0.0,0.0,MANUAL,0.0,-0.5,False,1
1776,432.471,-0.0016,0.0,0.0,0.0,0.0,0.0,MANUAL,0.0,-0.5,False,1
1777,432.602,-0.0016,0.0,0.0,0.0,0.0,0.0,MANUAL,0.0,-0.5,False,1
1778,432.773,-0.0016,0.0,0.0,0.0,0.0,0.0,MANUAL,0.0,-0.5,False,1
1779,432.902,-0.0016,0.0,0.0,0.0,0.0,0.0,MANUAL,0.0,-0.5,False,1
1780,433.048,-0.0016,0.0,0.0,0.0,0.0,0.0,MANUAL,0.0,-0.5,False,1
1781,433.212,-0.0016,0.0,0.0,0.0,0.0,0.0,MANUAL,0.0,-0.5,False,1
1782,433.357,-0.0016,0.0,0.0,0.0,0.0,0.0,MANUAL,0.0,-0.5,False,1
1783,433.514,-0.0016,0.0,0.0,0.0,0.0,0.0,MANUAL,0.0,-0.5,False,1
1784,433.678,-0.0016,0.0,0.0,0.0,0.0,0.0,MANUAL,0.0,-0.5,False,1
1785,433.844,-0.0016,0.0,0.0,0.0,0.0,0.0,MANUAL,0.0,-0.5,False,1
1786,434.004,-0.0016,0.0,0.0,0.0,0.0,0.0,MANUAL,0.0,-0.5,False,1
1787,434.183,-0.0016,0.0,0.0,0.0,0.0,0.0,MANUAL,0.0,-0.5,False,1
1788,434.32,-0.0016,0.0,0.0,0.0,0.0,0.0,MANUAL,0.0,-0.5,False,1
1789,434.422,-0.0016,0.0,0.0,0.0,0.0,0.0,MANUAL,0.0,-0.5,False,1
1790,434.52,-0.0016,0.0,0.0,0.0,0.0,0.0,MANUAL,0.0,-0.5,False,1
1791,434.651,-0.0016,0.0,0.0,0.0,0.0,0.0,MANUAL,0.0,-0.5,False,1
1792,434.752,-0.0016,0.0,0.0,0.0,0.0,0.0,MANUAL,0.0,-0.5,False,1
1793,434.853,-0.0016,0.0,0.001,0.0,0.0,0.0,MANUAL,0.0,-0.5,False,1
1794,434.954,-0.0016,0.0,0.0,0.0,0.0,0.0,MANUAL,0.0,-0.5,False,1
1795,435.087,-0.0016,0.0,0.0,0.0,0.0,0.0,MANUAL,0.0,-0.5,False,1
1796,435.183,-0.0016,-0.0,0.0,0.0,0.0,0.0,MANUAL,0.0,-0.5,False,1
1797,435.289,-0.0016,-0.0,0.0,0.0,0.0,0.0,MANUAL,0.0,-0.5,False,1
1798,435.388,-0.0016,-0.0,0.0,0.0,0.0,0.0,MANUAL,0.0,-0.5,False,1
1799,435.488,-0.0016,0.0,0.0,0.0,0.0,0.0,MANUAL,0.0,-0.5,False,1
1800,435.588,-0.0016,0.0,0.0,0.0,0.0,0.0,MANUAL,0.0,-0.5,False,1
1801,435.685,-0.0016,0.0,0.001,0.0,0.0,0.0,MANUAL,0.0,-0.5,False,1
1802,435.817,-0.0016,0.0,0.0,0.0,0.0,0.0,MANUAL,0.0,-0.5,False,1
1803,435.952,-0.0016,0.0,0.0,-0.0036,0.6,0.0,AUTO,0.0,-0.5,False,1
1804,436.087,-0.0016,0.0,0.026,-0.0036,0.6,0.0,AUTO,0.0,-0.5,False,1
1805,436.221,-0.0016,0.0,0.084,-0.0036,0.6,0.0,AUTO,0.0,-0.5,False,1
1806,436.32,-0.0016,0.0,0.144,-0.0034,0.6,0.0,AUTO,0.0,-0.5,False,1
1807,436.424,-0.0016,0.0,0.239,-0.0032,0.6,0.0,AUTO,0.0,-0.5,False,1
1808,436.587,-0.0016,0.0,0.542,-0.0025,0.6,0.0,AUTO,0.0,-0.5,False,1
1809,436.693,-0.0016,0.0,1.008,-0.0019,0.6,0.0,AUTO,0.0,-0.5,False,1
1810,436.824,-0.0016,0.0,1.376,-0.0016,0.6,0.0,AUTO,0.0,-0.5,False,2
1811,436.924,-0.0016,0.0,1.873,-0.0014,0.6,0.0,AUTO,0.0,-0.5,False,1
1812,437.023,-0.0016,0.0,2.26,-0.0012,0.6,0.0,AUTO,0.0,-0.5,False,0
1813,437.158,-0.0016,0.0,2.637,-0.0011,0.6,0.0,AUTO,0.0,-0.5,False,0
1814,437.259,-0.0016,0.0,3.134,-0.0009,0.56,0.0,AUTO,0.0,-0.5,False,1
1815,437.359,-0.0016,0.0,3.501,-0.0009,0.45,0.0,AUTO,0.0,-0.5,False,1
1816,437.458,-0.0016,0.0,3.849,-0.0008,0.345,0.0,AUTO,0.0,-0.5,False,1
1817,437.556,-0.0016,0.0,4.19,-0.0008,0.243,0.0,AUTO,0.0,-0.5,False,1
1818,437.69,-0.0016,0.0,4.5,-0.0007,0.15,0.0,AUTO,0.0,-0.5,False,1
1819,437.824,-0.0016,0.0,4.864,-0.0007,0.041,0.0,AUTO,0.0,-0.5,False,1
1820,437.955,-0.0016,0.0,5.113,-0.0006,0.0,0.034,AUTO,0.0,-0.5,False,1
1821,438.088,-0.0016,0.0,5.125,-0.0006,0.0,0.037,AUTO,0.0,-0.5,False,1
1822,438.191,-0.0016,0.0,5.02,-0.0006,0.0,0.006,AUTO,0.0,-0.5,False,1
1823,438.293,-0.0016,0.0,4.954,-0.0007,0.014,0.0,AUTO,0.0,-0.5,False,1
1824,438.39,-0.0016,0.0,4.911,-0.0007,0.027,0.0,AUTO,0.0,-0.5,False,1
1825,438.556,-0.0016,0.0,4.842,-0.0007,0.048,0.0,AUTO,0.0,-0.5,False,1
1826,438.654,-0.0016,0.0,4.776,-0.0007,0.067,0.0,AUTO,0.0,-0.5,False,1
1827,438.756,-0.0016,0.0,4.748,-0.0007,0.075,0.0,AUTO,0.0,-0.5,False,0
1828,438.857,-0.0016,0.0,4.767,-0.0007,0.07,0.0,AUTO,0.0,-0.5,False,1
1829,439.023,-0.0016,0.0,4.799,-0.0007,0.06,0.0,AUTO,0.0,-0.5,False,1
1830,439.124,-0.0016,0.0,4.831,-0.0007,0.051,0.0,AUTO,0.0,-0.5,False,1
1831,439.291,-0.0016,0.0,4.852,-0.0007,0.044,0.0,AUTO,0.0,-0.5,False,1
1832,439.391,-0.0016,0.0,4.854,-0.0007,0.044,0.0,AUTO,0.0,-0.5,False,1
1833,439.524,-0.0016,0.0,4.852,-0.0007,0.044,0.0,AUTO,0.0,-0.5,False,1
1834,439.622,-0.0016,0.0,4.844,-0.0007,0.047,0.0,AUTO,0.0,-0.5,False,1
1835,439.757,-0.0016,0.0,4.834,-0.0007,0.05,0.0,AUTO,0.0,-0.5,False,1
1836,439.889,-0.0016,0.0,4.833,-0.0007,0.05,0.0,AUTO,0.0,-0.5,False,1
1837,439.988,-0.0016,0.0,4.83,-0.0007,0.051,0.0,AUTO,0.0,-0.5,False,1
1838,440.089,-0.0016,0.0,4.836,-0.0007,0.049,0.0,AUTO,0.0,-0.5,False,1
1839,440.224,-0.0016,0.0,4.836,-0.0007,0.049,0.0,AUTO,0.0,-0.5,False,0
1840,440.325,-0.0016,0.0,4.832,-0.0007,0.05,0.0,AUTO,0.0,-0.5,False,0
1841,440.424,-0.0016,0.0,4.836,-0.0007,0.049,0.0,AUTO,0.0,-0.5,False,0
1842,440.521,-0.0016,0.0,4.838,-0.0007,0.049,0.0,AUTO,0.0,-0.5,False,1
1843,440.623,-0.0016,0.0,4.833,-0.0007,0.05,0.0,AUTO,0.0,-0.5,False,0
1844,440.727,-0.0016,0.0,4.837,-0.0007,0.049,0.0,AUTO,0.0,-0.5,False,1
1845,440.826,-0.0016,0.0,4.838,-0.0007,0.049,0.0,AUTO,0.0,-0.5,False,0
1846,440.923,-0.0016,0.0,4.833,-0.0007,0.05,0.0,AUTO,0.0,-0.5,False,0
1847,441.055,-0.0016,0.0,4.837,-0.0007,0.049,0.0,AUTO,0.0,-0.5,False,0
1848,441.154,-0.0016,0.0,4.833,-0.0007,0.05,0.0,AUTO,0.0,-0.5,False,0
1849,441.254,-0.0016,0.0,4.837,-0.0007,0.049,0.0,AUTO,0.0,-0.5,False,1
1850,441.36,-0.0016,0.0,4.837,-0.0007,0.049,0.0,AUTO,0.0,-0.5,False,1
1851,441.522,-0.0016,0.0,4.835,-0.0007,0.05,0.0,AUTO,0.0,-0.5,False,1
1852,441.621,-0.0016,0.0,4.838,-0.0007,0.049,0.0,AUTO,0.0,-0.5,False,1
1853,441.722,-0.0016,0.0,4.839,-0.0007,0.048,0.0,AUTO,0.0,-0.5,False,1
1854,441.825,-0.0016,0.0,4.833,-0.0007,0.05,0.0,AUTO,0.0,-0.5,False,1
1855,441.957,-0.0016,0.0,4.836,-0.0007,0.049,0.0,AUTO,0.0,-0.5,False,1
1856,442.089,-0.0016,0.0,4.833,-0.0007,0.05,0.0,AUTO,0.0,-0.5,False,1
1857,442.225,-0.0016,0.0,4.837,-0.0007,0.049,0.0,AUTO,0.0,-0.5,False,0
1858,442.356,-0.0016,0.0,4.838,-0.0007,0.048,0.0,AUTO,0.0,-0.5,False,0
1859,442.456,-0.0016,0.0,4.838,-0.0007,0.049,0.0,AUTO,0.0,-0.5,False,1
1860,442.559,-0.0016,0.0,4.836,-0.0007,0.049,0.0,AUTO,0.0,-0.5,False,1
1861,442.723,-0.0016,0.0,4.831,-0.0007,0.051,0.0,AUTO,0.0,-0.5,False,1
1862,442.825,-0.0016,0.0,4.833,-0.0007,0.05,0.0,AUTO,0.0,-0.5,False,1
1863,442.924,-0.0016,0.0,4.836,-0.0007,0.049,0.0,AUTO,0.0,-0.5,False,0
1864,443.021,-0.0016,0.0,4.835,-0.0007,0.05,0.0,AUTO,0.0,-0.5,False,0
1865,443.122,-0.0016,0.0,4.835,-0.0007,0.049,0.0,AUTO,0.0,-0.5,False,0
1866,443.258,-0.0016,0.0,4.837,-0.0007,0.049,0.0,AUTO,0.0,-0.5,False,1
1867,443.39,-0.0016,0.0,4.841,-0.0007,0.048,0.0,AUTO,0.0,-0.5,False,1
1868,443.489,-0.0016,0.0,4.839,-0.0007,0.048,0.0,AUTO,0.0,-0.5,False,0
1869,443.625,-0.0016,0.0,4.832,-0.0007,0.05,0.0,AUTO,0.0,-0.5,False,1
1870,443.757,-0.0016,0.0,4.833,-0.0007,0.05,0.0,AUTO,0.0,-0.5,False,1
1871,443.856,-0.0016,0.0,4.834,-0.0007,0.05,0.0,AUTO,0.0,-0.5,False,0
1872,443.993,-0.0016,0.0,4.839,-0.0007,0.048,0.0,AUTO,0.0,-0.5,False,0
1873,444.09,-0.0016,0.0,4.84,-0.0007,0.048,0.0,AUTO,0.0,-0.5,False,0
1874,444.19,-0.0016,0.0,4.833,-0.0007,0.05,0.0,AUTO,0.0,-0.5,False,1
1875,444.323,-0.0016,0.0,4.838,-0.0007,0.049,0.0,AUTO,0.0,-0.5,False,1
1876,444.423,-0.0016,0.0,4.833,-0.0007,0.05,0.0,AUTO,0.0,-0.5,False,1
1877,444.556,-0.0016,0.0,4.834,-0.0007,0.05,0.0,AUTO,0.0,-0.5,False,0
1878,444.655,-0.0016,0.0,4.836,-0.0007,0.049,0.0,AUTO,0.0,-0.5,False,0
1879,444.755,-0.0016,0.0,4.832,-0.0007,0.05,0.0,AUTO,0.0,-0.5,False,0
1880,444.927,-0.0016,0.0,4.832,-0.0007,0.05,0.0,AUTO,0.0,-0.5,False,0
1881,445.022,-0.0016,0.0,4.824,-0.0007,0.053,0.0,AUTO,0.0,-0.5,False,0
1882,445.157,-0.0016,0.0,4.821,-0.0007,0.054,0.0,AUTO,0.0,-0.5,False,1
1883,445.292,-0.0016,0.0,4.82,-0.0007,0.054,0.0,AUTO,0.0,-0.5,False,1
1884,445.389,-0.0016,0.0,4.807,-0.0007,0.058,0.0,AUTO,0.0,-0.5,False,1
1885,445.489,-0.0016,0.0,4.81,-0.0007,0.057,0.0,AUTO,0.0,-0.5,False,1
1886,445.587,-0.0016,0.0,4.803,-0.0007,0.059,0.0,AUTO,0.0,-0.5,False,1
1887,445.689,-0.0016,0.0,4.804,-0.0007,0.059,0.0,AUTO,0.0,-0.5,False,1
1888,445.788,-0.0016,0.0,4.818,-0.0007,0.055,0.0,AUTO,0.0,-0.5,False,2
1889,445.89,-0.0016,0.0,4.811,-0.0007,0.057,0.0,AUTO,0.0,-0.5,False,1
1890,445.993,-0.0016,0.0,4.806,-0.0007,0.058,0.0,AUTO,0.0,-0.5,False,0
1891,446.089,-0.0016,0.0,4.815,-0.0007,0.056,0.0,AUTO,0.0,-0.5,False,1
1892,446.19,-0.0016,0.0,4.815,-0.0007,0.056,0.0,AUTO,0.0,-0.5,False,1
1893,446.589,-0.0016,0.0,4.785,-0.0007,0.064,0.0,AUTO,0.0,-0.5,False,1
1894,446.726,-0.0016,0.0,4.78,-0.0007,0.066,0.0,AUTO,0.0,-0.5,False,1
1895,446.823,-0.0016,0.0,4.781,-0.0007,0.066,0.0,AUTO,0.0,-0.5,False,2
1896,446.955,-0.0016,0.0,4.776,-0.0007,0.067,0.0,AUTO,0.0,-0.5,False,2
1897,447.057,-0.0016,0.0,4.783,-0.0007,0.065,0.0,AUTO,0.0,-0.5,False,2
1898,447.193,-0.0016,0.0,4.792,-0.0007,0.062,0.0,AUTO,0.0,-0.5,False,3
1899,447.288,-0.0016,0.0,4.795,-0.0007,0.061,0.0,AUTO,0.0,-0.5,False,2
1900,447.388,-0.0016,0.0,4.808,-0.0007,0.058,0.0,AUTO,0.0,-0.5,False,2
1901,447.489,-0.0016,0.0,4.801,-0.0007,0.06,0.0,AUTO,0.0,-0.5,False,2
1902,448.355,-0.0016,0.0,4.802,-0.0007,0.059,0.0,AUTO,0.0,-0.5,False,2
1903,448.489,-0.0016,0.0,4.801,-0.0007,0.06,0.0,AUTO,0.0,-0.5,False,2
1904,448.589,-0.0016,0.0,4.801,-0.0007,0.06,0.0,AUTO,0.0,-0.5,False,2
1905,448.692,-0.0016,0.0,4.81,-0.0007,0.057,0.0,AUTO,0.0,-0.5,False,1
1906,448.791,-0.0016,0.0,4.799,-0.0007,0.06,0.0,AUTO,0.0,-0.5,False,1
1907,448.888,-0.0016,0.0,4.792,-0.0007,0.063,0.0,AUTO,0.0,-0.5,False,2
1908,448.99,-0.0016,0.0,4.798,-0.0007,0.061,0.0,AUTO,0.0,-0.5,False,1
1909,449.088,-0.0016,0.0,4.801,-0.0007,0.06,0.0,AUTO,0.0,-0.5,False,0
1910,449.19,-0.0016,0.0,4.8,-0.0007,0.06,0.0,AUTO,0.0,-0.5,False,2
1911,449.295,-0.0016,0.0,4.803,-0.0007,0.059,0.0,AUTO,0.0,-0.5,False,3
1912,449.389,-0.0016,0.0,4.803,-0.0007,0.059,0.0,AUTO,0.0,-0.5,False,3
1913,449.49,-0.0016,0.0,4.797,-0.0007,0.061,0.0,AUTO,0.0,-0.5,False,3
1914,449.624,-0.0016,0.0,4.802,-0.0007,0.059,0.0,AUTO,0.0,-0.5,False,3
1915,449.721,-0.0016,0.0,4.802,-0.0007,0.06,0.0,AUTO,0.0,-0.5,False,2
1916,449.827,-0.0016,0.0,4.8,-0.0007,0.06,0.0,AUTO,0.0,-0.5,False,3
1917,449.989,-0.0016,0.0,4.806,-0.0007,0.058,0.0,AUTO,0.0,-0.5,False,3
1918,450.088,-0.0016,0.0,4.801,-0.0007,0.06,0.0,AUTO,0.0,-0.5,False,3
1919,450.191,-0.0016,0.0,4.804,-0.0007,0.059,0.0,AUTO,0.0,-0.5,False,3
1920,450.293,-0.0016,0.0,4.796,-0.0007,0.061,0.0,AUTO,0.0,-0.5,False,3
1921,450.422,-0.0016,0.0,4.802,-0.0007,0.059,0.0,AUTO,0.0,-0.5,False,3
1922,450.524,-0.0016,0.0,4.804,-0.0007,0.059,0.0,AUTO,0.0,-0.5,False,3
1923,450.622,-0.0016,0.0,4.8,-0.0007,0.06,0.0,AUTO,0.0,-0.5,False,3
1924,450.756,-0.0016,0.0,4.797,-0.0007,0.061,0.0,AUTO,0.0,-0.5,False,3
1925,450.855,-0.0016,0.0,4.804,-0.0007,0.059,0.0,AUTO,0.0,-0.5,False,3
1926,450.954,-0.0016,0.0,4.804,-0.0007,0.059,0.0,AUTO,0.0,-0.5,False,3
1927,451.059,-0.0016,0.0,4.797,-0.0007,0.061,0.0,AUTO,0.0,-0.5,False,3
1928,451.157,-0.0016,0.0,4.801,-0.0007,0.06,0.0,AUTO,0.0,-0.5,False,3
1929,451.253,-0.0016,0.0,4.802,-0.0007,0.059,0.0,AUTO,0.0,-0.5,False,3
1930,451.603,-0.0016,0.0,4.803,-0.0007,0.059,0.0,AUTO,0.0,-0.5,False,3
1931,451.735,-0.0016,0.0,4.795,-0.0007,0.062,0.0,AUTO,0.0,-0.5,False,3
1932,451.835,-0.0016,0.0,4.798,-0.0007,0.061,0.0,AUTO,0.0,-0.5,False,3
1933,451.97,-0.0016,0.0,4.8,-0.0007,0.06,0.0,AUTO,0.0,-0.5,False,3
1934,452.101,-0.0016,0.0,4.815,-0.0007,0.056,0.0,AUTO,0.0,-0.5,False,3
1935,452.201,-0.0016,0.0,4.825,-0.0007,0.052,0.0,AUTO,0.0,-0.5,False,3
1936,452.337,-0.0016,0.0,4.832,-0.0007,0.05,0.0,AUTO,0.0,-0.5,False,3
1937,452.537,-0.0016,0.0,4.845,-0.0007,0.046,0.0,AUTO,0.0,-0.5,False,3
1938,452.704,-0.0016,0.0,4.846,-0.0007,0.046,0.0,AUTO,0.0,-0.5,False,4
1939,452.835,-0.0016,0.0,4.841,-0.0007,0.048,0.0,AUTO,0.0,-0.5,False,3
1940,452.969,-0.0016,-2.48,4.835,-0.0439,0.05,0.0,AUTO,-11.31,-0.5,False,3
1941,453.101,-0.0016,-5.82,4.831,-0.1023,0.051,0.0,AUTO,-19.09,-0.5,False,3
1942,453.201,-0.0016,-8.06,4.845,-0.1413,0.047,0.0,AUTO,-19.88,-0.5,False,3
1943,453.304,-0.0016,-14.47,4.865,-0.2532,0.041,0.0,AUTO,-43.88,-0.5,False,3
1944,453.402,-0.1688,124.7,4.865,1.0,0.04,0.0,AUTO,-28.98,-54.0,False,3
1945,453.502,-0.0312,163.4,4.859,1.0,0.042,0.0,AUTO,-46.92,-10.0,False,3
1946,453.607,-0.0016,-149.37,4.76,-1.0,0.072,0.0,AUTO,-51.77,-0.5,False,3
1947,453.702,-0.0109,-93.86,4.649,-1.0,0.105,0.0,AUTO,-51.08,-3.5,False,4
1948,453.8,-0.1469,-167.04,4.726,-1.0,0.082,0.0,AUTO,-34.7,-47.0,False,4
1949,453.936,-0.1125,-6.04,4.866,-0.1533,0.04,0.0,AUTO,-38.39,-36.0,False,4
1950,454.035,-0.2234,-161.61,4.944,-1.0,0.017,0.0,AUTO,-34.99,-71.5,False,3
1951,454.168,-0.2422,112.6,4.935,1.0,0.019,0.0,AUTO,-25.14,-77.5,False,3
1952,454.269,-0.1031,-128.21,4.914,-1.0,0.026,0.0,AUTO,-43.88,-33.0,False,3
1953,454.402,-0.1172,-168.55,4.801,-1.0,0.06,0.0,AUTO,-24.04,-37.5,False,3
1954,454.536,-0.0797,-95.28,4.763,-1.0,0.071,0.0,AUTO,-47.32,-25.5,False,4
1955,454.635,-0.0234,168.44,4.828,1.0,0.051,0.0,AUTO,-46.29,-7.5,False,3
1956,454.768,-0.0016,-56.62,4.838,-0.9889,0.049,0.0,AUTO,-35.87,-0.5,False,3
1957,454.872,-0.0016,57.96,4.768,1.0,0.07,0.0,AUTO,-42.71,-0.5,False,3
1958,454.969,-0.0016,94.58,4.76,1.0,0.072,0.0,AUTO,-27.27,-0.5,False,3
1959,455.073,-0.0016,86.64,4.684,1.0,0.095,0.0,AUTO,-15.89,-0.5,False,3
1960,455.203,-0.0016,53.89,4.512,0.9398,0.146,0.0,AUTO,-30.31,-0.5,False,3
1961,455.302,-0.0016,20.7,4.435,0.3605,0.169,0.0,AUTO,-17.5,-0.5,False,4
1962,455.404,-0.0016,-6.31,4.449,-0.1109,0.165,0.0,AUTO,-13.83,-0.5,False,4
1963,455.502,-0.0016,-24.03,4.581,-0.4202,0.126,0.0,AUTO,-12.58,-0.5,False,4
1964,455.602,-0.0016,-33.07,4.771,-0.5779,0.069,0.0,AUTO,-14.66,-0.5,False,4
1965,455.701,-0.0016,-31.97,4.937,-0.5586,0.019,0.0,AUTO,-2.64,-0.5,False,3
1966,455.838,-0.0016,-26.19,5.032,-0.4578,0.0,0.009,AUTO,0.0,-0.5,False,3
1967,455.969,-0.0016,-18.85,5.05,-0.3297,0.0,0.015,AUTO,0.0,-0.5,False,3
1968,456.067,-0.0016,-11.69,4.998,-0.2046,0.001,0.0,AUTO,0.0,-0.5,False,2
1969,456.17,-0.0016,-5.74,4.899,-0.1008,0.03,0.0,AUTO,0.0,-0.5,False,2
1970,456.272,-0.0016,-1.45,4.78,-0.026,0.066,0.0,AUTO,0.0,-0.5,False,2
1971,456.368,-0.0016,1.18,4.655,0.0199,0.104,0.0,AUTO,0.0,-0.5,False,2
1972,456.468,-0.0016,2.43,4.612,0.0418,0.116,0.0,AUTO,0.0,-0.5,False,3
1973,456.571,-0.0016,2.69,4.641,0.0462,0.108,0.0,AUTO,0.0,-0.5,False,2
1974,456.669,-0.0016,2.34,4.703,0.0401,0.089,0.0,AUTO,0.0,-0.5,False,1
1975,456.768,-0.0016,1.71,4.764,0.0291,0.071,0.0,AUTO,0.0,-0.5,False,1
1976,456.869,-0.0016,1.03,4.819,0.0173,0.054,0.0,AUTO,0.0,-0.5,False,1
1977,456.968,-0.0016,0.45,4.858,0.0072,0.043,0.0,AUTO,0.0,-0.5,False,1
1978,457.068,-0.0016,0.03,4.877,-0.0001,0.037,0.0,AUTO,0.0,-0.5,False,1
1979,457.168,-0.0016,-0.22,4.886,-0.0045,0.034,0.0,AUTO,0.0,-0.5,False,1
1980,457.267,-0.0016,-0.33,4.872,-0.0064,0.038,0.0,AUTO,0.0,-0.5,False,1
1981,457.369,-0.0016,-0.34,4.851,-0.0065,0.045,0.0,AUTO,0.0,-0.5,False,1
1982,457.467,-0.0016,-0.28,4.84,-0.0056,0.048,0.0,AUTO,0.0,-0.5,False,1
1983,457.569,-0.0016,-0.2,4.831,-0.0042,0.051,0.0,AUTO,0.0,-0.5,False,1
1984,457.672,-0.0016,-0.12,4.827,-0.0028,0.052,0.0,AUTO,0.0,-0.5,False,1
1985,457.769,-0.0016,-0.05,4.83,-0.0016,0.051,0.0,AUTO,0.0,-0.5,False,1
1986,457.869,-0.0016,-0.0,4.831,-0.0007,0.051,0.0,AUTO,0.0,-0.5,False,2
1987,457.97,-0.0016,0.02,4.83,-0.0002,0.051,0.0,AUTO,0.0,-0.5,False,2
1988,458.072,-0.0016,0.04,4.836,-0.0,0.049,0.0,AUTO,0.0,-0.5,False,2
1989,458.201,-0.0016,0.04,4.837,-0.0,0.049,0.0,AUTO,0.0,-0.5,False,0
1990,458.305,-0.0016,0.03,4.834,-0.0001,0.05,0.0,AUTO,0.0,-0.5,False,1
1991,458.405,-0.0016,0.02,4.835,-0.0003,0.05,0.0,AUTO,0.0,-0.5,False,1
1992,458.502,-0.0016,0.01,4.848,-0.0004,0.046,0.0,AUTO,0.0,-0.5,False,2
1993,458.602,-0.0016,0.01,4.84,-0.0006,0.048,0.0,AUTO,0.0,-0.5,False,1
1994,458.736,-0.0016,0.0,4.851,-0.0007,0.045,0.0,AUTO,0.0,-0.5,False,3
1995,458.835,-0.0016,-0.0,4.856,-0.0007,0.043,0.0,AUTO,0.0,-0.5,False,1
1996,458.935,-0.0016,-0.0,4.855,-0.0007,0.044,0.0,AUTO,0.0,-0.5,False,2
1997,459.036,-0.0016,-0.0,4.851,-0.0007,0.045,0.0,AUTO,0.0,-0.5,False,2
1998,459.136,-0.0016,-0.0,4.892,-0.0007,0.032,0.0,AUTO,0.0,-0.5,False,2
1999,459.234,-0.0016,-0.0,4.862,-0.0007,0.041,0.0,AUTO,0.0,-0.5,False,3
2000,459.338,-0.0016,-0.0,4.836,-0.0007,0.049,0.0,AUTO,0.0,-0.5,False,4
2001,459.437,-0.0016,-0.0,4.841,-0.0007,0.048,0.0,AUTO,0.0,-0.5,False,4
2002,459.536,-0.0016,0.0,4.87,-0.0007,0.039,0.0,AUTO,0.0,-0.5,False,4
2003,459.635,-0.0016,0.0,4.887,-0.0007,0.034,0.0,AUTO,0.0,-0.5,False,4
2004,459.738,-0.0016,0.0,4.896,-0.0007,0.031,0.0,AUTO,0.0,-0.5,False,4
2005,459.835,-0.0016,0.0,4.899,-0.0007,0.03,0.0,AUTO,0.0,-0.5,False,4
2006,459.936,-0.0016,0.19,4.909,0.0027,0.027,0.0,AUTO,0.88,-0.5,False,4
2007,460.033,-0.0016,0.13,4.915,0.0016,0.025,0.0,AUTO,0.0,-0.5,False,3
2008,460.136,-0.0016,0.07,4.917,0.0006,0.025,0.0,AUTO,0.0,-0.5,False,3
2009,460.236,-0.0016,0.03,4.929,-0.0001,0.021,0.0,AUTO,0.0,-0.5,False,3
2010,460.336,-0.0016,0.0,4.941,-0.0006,0.018,0.0,AUTO,0.0,-0.5,False,3
2011,460.434,-0.0016,-0.01,4.951,-0.0009,0.015,0.0,AUTO,0.0,-0.5,False,4
2012,460.535,-0.0016,-0.02,4.957,-0.001,0.013,0.0,AUTO,0.0,-0.5,False,4
2013,460.64,-0.0016,-0.02,4.954,-0.001,0.014,0.0,AUTO,0.0,-0.5,False,4
2014,460.736,-0.0016,-0.01,4.963,-0.0009,0.011,0.0,AUTO,0.0,-0.5,False,4
2015,460.869,-0.0016,-0.01,4.97,-0.0008,0.009,0.0,AUTO,0.0,-0.5,False,4
2016,460.969,-0.0016,-0.0,4.967,-0.0007,0.01,0.0,AUTO,0.0,-0.5,False,1
2017,461.071,-0.0016,1.06,4.988,0.0178,0.003,0.0,AUTO,4.84,-0.5,False,3
2018,461.167,-0.0016,0.7,5.01,0.0116,0.0,0.003,AUTO,0.0,-0.5,False,4
2019,461.301,-0.0016,10.44,5.02,0.1816,0.0,0.006,AUTO,45.87,-0.5,False,4
2020,461.434,0.0766,-73.17,5.038,-1.0,0.0,0.012,AUTO,40.49,24.5,False,4
2021,461.568,0.1703,106.17,5.0,1.0,0.0,0.0,AUTO,32.87,54.5,False,4
2022,461.668,0.1041,-125.96,5.07,-1.0,0.0,0.021,AUTO,0.0,0.0,True,0
2023,461.739,0.4266,8.55,5.051,0.3237,0.0,0.015,AUTO,17.9,136.5,False,5
2024,461.838,0.6531,131.48,4.934,1.0,0.02,0.0,AUTO,-8.32,209.0,False,6
2025,461.936,0.7172,-30.85,4.865,-0.2418,0.04,0.0,AUTO,-16.29,229.5,False,6
2026,462.039,0.6047,-112.08,4.721,-1.0,0.084,0.0,AUTO,0.0,0.0,True,0
2027,462.139,0.8547,-112.75,4.671,-1.0,0.099,0.0,AUTO,-28.98,273.5,False,5
2028,462.244,0.875,32.26,4.708,0.9289,0.088,0.0,AUTO,-26.57,280.0,False,5
2029,462.335,0.8222,-173.04,4.736,-1.0,0.079,0.0,AUTO,0.0,0.0,True,0
2030,462.407,0.8128,-18.34,4.727,0.0209,0.082,0.0,AUTO,0.0,0.0,True,0
2031,462.506,0.8118,136.36,4.559,1.0,0.132,0.0,AUTO,0.0,0.0,True,0
2032,462.568,0.8192,-68.93,4.465,-0.8446,0.16,0.0,AUTO,0.0,0.0,True,0
2033,462.639,0.8154,85.77,4.412,1.0,0.176,0.0,AUTO,0.0,0.0,True,0
2034,462.737,0.8201,-119.53,4.412,-1.0,0.176,0.0,AUTO,0.0,0.0,True,0
2035,462.802,0.8136,35.18,4.341,0.9778,0.198,0.0,AUTO,0.0,0.0,True,0
2036,462.873,0.8155,-170.12,4.231,-1.0,0.231,0.0,AUTO,0.0,0.0,True,0
2037,462.935,0.8062,-15.42,4.226,0.099,0.232,0.0,AUTO,0.0,0.0,True,0
2038,463.006,0.8054,139.28,4.166,1.0,0.25,0.0,AUTO,0.0,0.0,True,0
2039,463.137,0.813,-66.01,4.121,-0.7743,0.264,0.0,AUTO,0.0,0.0,True,0
2040,463.206,0.8094,88.69,3.944,1.0,0.317,0.0,AUTO,0.0,0.0,True,0
2041,463.307,0.8142,-116.61,3.833,-1.0,0.35,0.0,AUTO,0.0,0.0,True,0
2042,463.407,0.8079,38.09,3.753,1.0,0.374,0.0,AUTO,0.0,0.0,True,0
2043,463.535,0.8099,-167.2,3.668,-1.0,0.4,0.0,AUTO,0.0,0.0,True,0
2044,463.603,0.8008,-12.5,3.414,0.2076,0.476,0.0,AUTO,0.0,0.0,True,0
2045,463.672,0.8001,142.2,3.254,1.0,0.524,0.0,AUTO,0.0,0.0,True,0
2046,463.736,0.8079,-63.09,3.245,-0.6571,0.526,0.0,AUTO,0.0,0.0,True,0
2047,463.848,0.9797,95.65,3.23,1.0,0.531,0.0,AUTO,-29.65,313.5,False,6
2048,463.936,0.9875,-96.75,3.099,-1.0,0.57,0.0,AUTO,-55.89,316.0,False,7
2049,464.038,0.9922,49.03,3.03,1.0,0.591,0.0,AUTO,-31.94,317.5,False,7
2050,464.17,0.9719,141.13,2.914,1.0,0.6,0.0,AUTO,-63.88,311.0,False,6
2051,464.272,0.9672,-164.18,2.741,-1.0,0.6,0.0,AUTO,-64.47,309.5,False,7
2052,464.402,0.9625,-76.26,2.574,-0.7385,0.6,0.0,AUTO,-66.4,308.0,False,7
2053,464.503,0.975,59.35,2.35,1.0,0.6,0.0,AUTO,-61.69,312.0,False,7
2054,464.636,0.8562,159.8,2.127,1.0,0.6,0.0,AUTO,-59.47,274.0,False,7
2055,464.737,0.8969,134.19,2.009,1.0,0.6,0.0,AUTO,-56.42,287.0,False,7
2056,464.841,0.9204,-178.32,2.035,-1.0,0.6,0.0,AUTO,0.0,0.0,True,0
2057,464.939,0.9107,-130.83,2.098,-1.0,0.6,0.0,AUTO,0.0,0.0,True,0
2058,465.07,-0.2859,-105.32,2.176,-1.0,0.6,0.0,AUTO,64.29,-91.5,False,3
2059,465.203,-0.3164,29.45,2.421,0.2867,0.6,0.0,AUTO,59.48,-101.2,False,4
2060,465.336,-0.1782,-20.82,2.665,-0.4843,0.6,0.0,AUTO,0.0,0.0,True,0
2061,465.437,0.25,-25.25,3.004,-0.2859,0.599,0.0,AUTO,-47.73,80.0,False,2
2062,465.535,0.0996,-169.93,3.309,-1.0,0.507,0.0,AUTO,0.0,0.0,True,0
2063,465.669,1.5844,-36.42,3.459,0.0907,0.462,0.0,AUTO,-63.52,507.0,False,13
2064,465.772,1.1028,-34.3,3.627,-0.0612,0.412,0.0,AUTO,0.0,0.0,True,0
2065,465.835,1.1009,-32.18,3.719,-0.0337,0.384,0.0,AUTO,0.0,0.0,True,0
2066,465.907,1.6,-8.65,3.738,0.5502,0.379,0.0,AUTO,-70.15,512.0,False,13
2067,466.002,1.4924,-113.49,3.852,-1.0,0.344,0.0,AUTO,0.0,0.0,True,0
2068,466.071,1.4862,141.66,3.879,1.0,0.336,0.0,AUTO,0.0,0.0,True,0
2069,466.139,1.494,36.82,3.77,1.0,0.369,0.0,AUTO,0.0,0.0,True,0
2070,466.237,1.496,-68.02,3.738,-0.519,0.379,0.0,AUTO,0.0,0.0,True,0
2071,466.304,1.4923,-172.87,3.763,-1.0,0.371,0.0,AUTO,0.0,0.0,True,0
2072,466.436,1.4828,82.29,3.571,1.0,0.429,0.0,AUTO,0.0,0.0,True,0
2073,466.503,1.4873,-22.55,3.384,0.3098,0.485,0.0,AUTO,0.0,0.0,True,0
2074,466.58,1.4861,-127.4,3.338,-1.0,0.499,0.0,AUTO,0.0,0.0,True,0
2075,466.65,1.4791,127.76,3.276,1.0,0.517,0.0,AUTO,0.0,0.0,True,0
2076,466.749,1.4861,22.92,3.078,1.0,0.577,0.0,AUTO,0.0,0.0,True,0
2077,466.813,1.4874,-81.93,2.964,-0.6765,0.6,0.0,AUTO,0.0,0.0,True,0
2078,466.882,1.4829,173.23,2.878,1.0,0.6,0.0,AUTO,0.0,0.0,True,0
2079,466.945,1.4923,68.38,2.607,1.0,0.6,0.0,AUTO,0.0,0.0,True,0
2080,467.051,1.4961,-36.46,2.378,0.1999,0.6,0.0,AUTO,0.0,0.0,True,0
2081,467.178,1.4941,-141.3,2.094,-1.0,0.6,0.0,AUTO,0.0,0.0,True,0
2082,467.245,1.4864,113.85,1.844,1.0,0.6,0.0,AUTO,0.0,0.0,True,0
2083,467.317,1.4926,9.01,1.723,1.0,0.6,0.0,AUTO,0.0,0.0,True,0
2084,467.379,1.4931,-95.83,1.77,-0.7402,0.6,0.0,AUTO,0.0,0.0,True,0
2085,467.449,1.4879,159.32,1.812,1.0,0.6,0.0,AUTO,0.0,0.0,True,0
2086,467.512,1.4965,54.48,1.73,1.0,0.6,0.0,AUTO,0.0,0.0,True,0
2087,467.584,1.4995,-50.36,1.703,0.0671,0.6,0.0,AUTO,0.0,0.0,True,0
2088,467.647,1.4968,-155.21,1.651,-1.0,0.6,0.0,AUTO,0.0,0.0,True,0
2089,467.717,1.4883,99.95,1.619,1.0,0.6,0.0,AUTO,0.0,0.0,True,0
